{
  "build": "py37hfa6e2cd_0",
  "build_number": 0,
  "channel": "https://conda.anaconda.org/conda-forge/win-64",
  "constrains": [
    "python_abi * *_cp37m"
  ],
  "depends": [
    "python >=3.7,<3.8.0a0",
    "vc >=14,<15.0a0"
  ],
  "extracted_package_dir": "C:\\Users\\abenav.sankar\\Anaconda3\\pkgs\\ephem-3.7.7.1-py37hfa6e2cd_0",
  "features": "",
  "files": [
    "Lib/site-packages/ephem-3.7.7.1.dist-info/COPYING",
    "Lib/site-packages/ephem-3.7.7.1.dist-info/INSTALLER",
    "Lib/site-packages/ephem-3.7.7.1.dist-info/LICENSE-GPL",
    "Lib/site-packages/ephem-3.7.7.1.dist-info/LICENSE-LGPL",
    "Lib/site-packages/ephem-3.7.7.1.dist-info/METADATA",
    "Lib/site-packages/ephem-3.7.7.1.dist-info/RECORD",
    "Lib/site-packages/ephem-3.7.7.1.dist-info/WHEEL",
    "Lib/site-packages/ephem-3.7.7.1.dist-info/top_level.txt",
    "Lib/site-packages/ephem/__init__.py",
    "Lib/site-packages/ephem/__pycache__/__init__.cpython-37.pyc",
    "Lib/site-packages/ephem/__pycache__/cities.cpython-37.pyc",
    "Lib/site-packages/ephem/__pycache__/stars.cpython-37.pyc",
    "Lib/site-packages/ephem/_libastro.cp37-win_amd64.pyd",
    "Lib/site-packages/ephem/cities.py",
    "Lib/site-packages/ephem/doc/CHANGELOG.rst",
    "Lib/site-packages/ephem/doc/angle.rst",
    "Lib/site-packages/ephem/doc/catalogs.rst",
    "Lib/site-packages/ephem/doc/coordinates.rst",
    "Lib/site-packages/ephem/doc/date.rst",
    "Lib/site-packages/ephem/doc/examples.rst",
    "Lib/site-packages/ephem/doc/index.rst",
    "Lib/site-packages/ephem/doc/newton.rst",
    "Lib/site-packages/ephem/doc/quick.rst",
    "Lib/site-packages/ephem/doc/radec.rst",
    "Lib/site-packages/ephem/doc/reference.rst",
    "Lib/site-packages/ephem/doc/rise-set.rst",
    "Lib/site-packages/ephem/doc/tutorial.rst",
    "Lib/site-packages/ephem/stars.py",
    "Lib/site-packages/ephem/tests/__init__.py",
    "Lib/site-packages/ephem/tests/__pycache__/__init__.cpython-37.pyc",
    "Lib/site-packages/ephem/tests/__pycache__/test_angles.cpython-37.pyc",
    "Lib/site-packages/ephem/tests/__pycache__/test_bodies.cpython-37.pyc",
    "Lib/site-packages/ephem/tests/__pycache__/test_cities.cpython-37.pyc",
    "Lib/site-packages/ephem/tests/__pycache__/test_constants.cpython-37.pyc",
    "Lib/site-packages/ephem/tests/__pycache__/test_dates.cpython-37.pyc",
    "Lib/site-packages/ephem/tests/__pycache__/test_github_issues.cpython-37.pyc",
    "Lib/site-packages/ephem/tests/__pycache__/test_jpl.cpython-37.pyc",
    "Lib/site-packages/ephem/tests/__pycache__/test_launchpad_236872.cpython-37.pyc",
    "Lib/site-packages/ephem/tests/__pycache__/test_launchpad_244811.cpython-37.pyc",
    "Lib/site-packages/ephem/tests/__pycache__/test_locales.cpython-37.pyc",
    "Lib/site-packages/ephem/tests/__pycache__/test_observers.cpython-37.pyc",
    "Lib/site-packages/ephem/tests/__pycache__/test_rst.cpython-37.pyc",
    "Lib/site-packages/ephem/tests/__pycache__/test_satellite.cpython-37.pyc",
    "Lib/site-packages/ephem/tests/__pycache__/test_stars.cpython-37.pyc",
    "Lib/site-packages/ephem/tests/__pycache__/test_usno.cpython-37.pyc",
    "Lib/site-packages/ephem/tests/__pycache__/test_usno_equinoxes.cpython-37.pyc",
    "Lib/site-packages/ephem/tests/jpl/europa.txt",
    "Lib/site-packages/ephem/tests/jpl/hyperion.txt",
    "Lib/site-packages/ephem/tests/jpl/jupiter.txt",
    "Lib/site-packages/ephem/tests/jpl/mars.txt",
    "Lib/site-packages/ephem/tests/jpl/neptune.txt",
    "Lib/site-packages/ephem/tests/jpl/oberon.txt",
    "Lib/site-packages/ephem/tests/jpl/phobos.txt",
    "Lib/site-packages/ephem/tests/jpl/saturn.txt",
    "Lib/site-packages/ephem/tests/jpl/uranus.txt",
    "Lib/site-packages/ephem/tests/test_angles.py",
    "Lib/site-packages/ephem/tests/test_bodies.py",
    "Lib/site-packages/ephem/tests/test_cities.py",
    "Lib/site-packages/ephem/tests/test_constants.py",
    "Lib/site-packages/ephem/tests/test_dates.py",
    "Lib/site-packages/ephem/tests/test_github_issues.py",
    "Lib/site-packages/ephem/tests/test_jpl.py",
    "Lib/site-packages/ephem/tests/test_launchpad_236872.py",
    "Lib/site-packages/ephem/tests/test_launchpad_244811.py",
    "Lib/site-packages/ephem/tests/test_locales.py",
    "Lib/site-packages/ephem/tests/test_observers.py",
    "Lib/site-packages/ephem/tests/test_rst.py",
    "Lib/site-packages/ephem/tests/test_satellite.py",
    "Lib/site-packages/ephem/tests/test_stars.py",
    "Lib/site-packages/ephem/tests/test_usno.py",
    "Lib/site-packages/ephem/tests/test_usno_equinoxes.py",
    "Lib/site-packages/ephem/tests/usno/appgeo_deneb.txt",
    "Lib/site-packages/ephem/tests/usno/appgeo_jupiter.txt",
    "Lib/site-packages/ephem/tests/usno/appgeo_moon.txt",
    "Lib/site-packages/ephem/tests/usno/appgeo_sun.txt",
    "Lib/site-packages/ephem/tests/usno/apptopo_deneb.txt",
    "Lib/site-packages/ephem/tests/usno/apptopo_moon.txt",
    "Lib/site-packages/ephem/tests/usno/apptopo_sun.txt",
    "Lib/site-packages/ephem/tests/usno/astrom_antares.txt",
    "Lib/site-packages/ephem/tests/usno/astrom_mercury.txt",
    "Lib/site-packages/ephem/tests/usno/astrom_neptune.txt",
    "Lib/site-packages/ephem/tests/usno/moon_phases.txt",
    "Lib/site-packages/ephem/tests/usno/riset_moon.txt",
    "Lib/site-packages/ephem/tests/usno/riset_sun.txt",
    "Lib/site-packages/ephem/tests/usno/risettran_moon.txt",
    "Lib/site-packages/ephem/tests/usno/risettran_rigel.txt",
    ".nonadmin"
  ],
  "fn": "ephem-3.7.7.1-py37hfa6e2cd_0.tar.bz2",
  "license": "LGPL",
  "link": {
    "source": "C:\\Users\\abenav.sankar\\Anaconda3\\pkgs\\ephem-3.7.7.1-py37hfa6e2cd_0",
    "type": 1
  },
  "md5": "a6cf0ecb46a6da01cc5193bc3944ea4e",
  "name": "ephem",
  "package_tarball_full_path": "C:\\Users\\abenav.sankar\\Anaconda3\\pkgs\\ephem-3.7.7.1-py37hfa6e2cd_0.tar.bz2",
  "paths_data": {
    "paths": [
      {
        "_path": "Lib/site-packages/ephem-3.7.7.1.dist-info/COPYING",
        "path_type": "hardlink",
        "sha256": "acee512e3701083ad3ebe2c34b0e0326e2831d8e1e5412c8becf28a939e11e37",
        "sha256_in_prefix": "acee512e3701083ad3ebe2c34b0e0326e2831d8e1e5412c8becf28a939e11e37",
        "size_in_bytes": 1059
      },
      {
        "_path": "Lib/site-packages/ephem-3.7.7.1.dist-info/INSTALLER",
        "path_type": "hardlink",
        "sha256": "d0edee15f91b406f3f99726e44eb990be6e34fd0345b52b910c568e0eef6a2a8",
        "sha256_in_prefix": "d0edee15f91b406f3f99726e44eb990be6e34fd0345b52b910c568e0eef6a2a8",
        "size_in_bytes": 5
      },
      {
        "_path": "Lib/site-packages/ephem-3.7.7.1.dist-info/LICENSE-GPL",
        "path_type": "hardlink",
        "sha256": "8ceb4b9ee5adedde47b31e975c1d90c73ad27b6b165a1dcd80c7c545eb65b903",
        "sha256_in_prefix": "8ceb4b9ee5adedde47b31e975c1d90c73ad27b6b165a1dcd80c7c545eb65b903",
        "size_in_bytes": 35147
      },
      {
        "_path": "Lib/site-packages/ephem-3.7.7.1.dist-info/LICENSE-LGPL",
        "path_type": "hardlink",
        "sha256": "a853c2ffec17057872340eee242ae4d96cbf2b520ae27d903e1b2fef1a5f9d1c",
        "sha256_in_prefix": "a853c2ffec17057872340eee242ae4d96cbf2b520ae27d903e1b2fef1a5f9d1c",
        "size_in_bytes": 7639
      },
      {
        "_path": "Lib/site-packages/ephem-3.7.7.1.dist-info/METADATA",
        "path_type": "hardlink",
        "sha256": "d35db41ceea197bc2d122da946896ee2882792bfd6c09692e30f332359c5a7da",
        "sha256_in_prefix": "d35db41ceea197bc2d122da946896ee2882792bfd6c09692e30f332359c5a7da",
        "size_in_bytes": 5884
      },
      {
        "_path": "Lib/site-packages/ephem-3.7.7.1.dist-info/RECORD",
        "path_type": "hardlink",
        "sha256": "467afab06e32b95ab9e2cc5a6e4f036a7b44a11d2369b6bfdf81434824c279aa",
        "sha256_in_prefix": "467afab06e32b95ab9e2cc5a6e4f036a7b44a11d2369b6bfdf81434824c279aa",
        "size_in_bytes": 6675
      },
      {
        "_path": "Lib/site-packages/ephem-3.7.7.1.dist-info/WHEEL",
        "path_type": "hardlink",
        "sha256": "83c7a8727efb57f897c6af6569420f4aec5dc111e584eb07ded2e9bb5b8a52f4",
        "sha256_in_prefix": "83c7a8727efb57f897c6af6569420f4aec5dc111e584eb07ded2e9bb5b8a52f4",
        "size_in_bytes": 106
      },
      {
        "_path": "Lib/site-packages/ephem-3.7.7.1.dist-info/top_level.txt",
        "path_type": "hardlink",
        "sha256": "6b855cac906f3110daf257d91cfcad69ddebf8ac81056b1100158646a7e64084",
        "sha256_in_prefix": "6b855cac906f3110daf257d91cfcad69ddebf8ac81056b1100158646a7e64084",
        "size_in_bytes": 6
      },
      {
        "_path": "Lib/site-packages/ephem/__init__.py",
        "path_type": "hardlink",
        "sha256": "5219a3e260b1f759fc9ec83270b01b31d1ae432d68fa6c6dc006aae572ce014e",
        "sha256_in_prefix": "5219a3e260b1f759fc9ec83270b01b31d1ae432d68fa6c6dc006aae572ce014e",
        "size_in_bytes": 24117
      },
      {
        "_path": "Lib/site-packages/ephem/__pycache__/__init__.cpython-37.pyc",
        "path_type": "hardlink",
        "sha256": "c405d431d47ed0997776b38b5a817b89c1ad77be64ec6b13ddabbca4de2a43a0",
        "sha256_in_prefix": "c405d431d47ed0997776b38b5a817b89c1ad77be64ec6b13ddabbca4de2a43a0",
        "size_in_bytes": 22090
      },
      {
        "_path": "Lib/site-packages/ephem/__pycache__/cities.cpython-37.pyc",
        "path_type": "hardlink",
        "sha256": "eb221440a2dc53bfaec5a453f34f427e5870ad8c7ae1dc36be420f9498cfb366",
        "sha256_in_prefix": "eb221440a2dc53bfaec5a453f34f427e5870ad8c7ae1dc36be420f9498cfb366",
        "size_in_bytes": 7687
      },
      {
        "_path": "Lib/site-packages/ephem/__pycache__/stars.cpython-37.pyc",
        "path_type": "hardlink",
        "sha256": "413d7a2d704f480c1408248b3a9652a717cf01bac50a871786dd7f6a51790d7d",
        "sha256_in_prefix": "413d7a2d704f480c1408248b3a9652a717cf01bac50a871786dd7f6a51790d7d",
        "size_in_bytes": 10216
      },
      {
        "_path": "Lib/site-packages/ephem/_libastro.cp37-win_amd64.pyd",
        "path_type": "hardlink",
        "sha256": "bad784891a6c70f3be86879918d6398ead88d113bda167ff6910d6accedae40f",
        "sha256_in_prefix": "bad784891a6c70f3be86879918d6398ead88d113bda167ff6910d6accedae40f",
        "size_in_bytes": 1218048
      },
      {
        "_path": "Lib/site-packages/ephem/cities.py",
        "path_type": "hardlink",
        "sha256": "a6fbc4885d93d52253ebd578438e125fd36e8fae148ddacd22a42bd1f8f3d7ad",
        "sha256_in_prefix": "a6fbc4885d93d52253ebd578438e125fd36e8fae148ddacd22a42bd1f8f3d7ad",
        "size_in_bytes": 10011
      },
      {
        "_path": "Lib/site-packages/ephem/doc/CHANGELOG.rst",
        "path_type": "hardlink",
        "sha256": "ca6f7e18d05a5ccac8bc90b88fdc6c5fd2106bb1c9362cb396d5968af83c5a01",
        "sha256_in_prefix": "ca6f7e18d05a5ccac8bc90b88fdc6c5fd2106bb1c9362cb396d5968af83c5a01",
        "size_in_bytes": 16055
      },
      {
        "_path": "Lib/site-packages/ephem/doc/angle.rst",
        "path_type": "hardlink",
        "sha256": "3d011d144a4e3f29ce501313cb8e0a2eebb2c4ab19e0207276ea0d9ef9f524d3",
        "sha256_in_prefix": "3d011d144a4e3f29ce501313cb8e0a2eebb2c4ab19e0207276ea0d9ef9f524d3",
        "size_in_bytes": 3667
      },
      {
        "_path": "Lib/site-packages/ephem/doc/catalogs.rst",
        "path_type": "hardlink",
        "sha256": "c173313d672755cc337543841ee38634fcf05e75d02962f4154752c213f694c6",
        "sha256_in_prefix": "c173313d672755cc337543841ee38634fcf05e75d02962f4154752c213f694c6",
        "size_in_bytes": 1607
      },
      {
        "_path": "Lib/site-packages/ephem/doc/coordinates.rst",
        "path_type": "hardlink",
        "sha256": "5b9d6f6944d0a644b5060fcebd50c6f0bdc2c6eb134299fb3939328555cd025b",
        "sha256_in_prefix": "5b9d6f6944d0a644b5060fcebd50c6f0bdc2c6eb134299fb3939328555cd025b",
        "size_in_bytes": 5715
      },
      {
        "_path": "Lib/site-packages/ephem/doc/date.rst",
        "path_type": "hardlink",
        "sha256": "ce8d0ecf1cac42255e1607c622f3117f5f3c6bbae1b33b9141bcde055e3e8a44",
        "sha256_in_prefix": "ce8d0ecf1cac42255e1607c622f3117f5f3c6bbae1b33b9141bcde055e3e8a44",
        "size_in_bytes": 7875
      },
      {
        "_path": "Lib/site-packages/ephem/doc/examples.rst",
        "path_type": "hardlink",
        "sha256": "0e7acc57c4ceacdce02f54a1d76e1ae56e78b79b483b07dbae8921efeebb6519",
        "sha256_in_prefix": "0e7acc57c4ceacdce02f54a1d76e1ae56e78b79b483b07dbae8921efeebb6519",
        "size_in_bytes": 4130
      },
      {
        "_path": "Lib/site-packages/ephem/doc/index.rst",
        "path_type": "hardlink",
        "sha256": "2aa5ca588f729c82f3f5b5833f978a517102dc91e2e116e2f23082e1f0a38ae3",
        "sha256_in_prefix": "2aa5ca588f729c82f3f5b5833f978a517102dc91e2e116e2f23082e1f0a38ae3",
        "size_in_bytes": 8568
      },
      {
        "_path": "Lib/site-packages/ephem/doc/newton.rst",
        "path_type": "hardlink",
        "sha256": "89c21dc2b597b518b76d8f24ca4131e81cb8862dc70559fff6522fbda1e3b89b",
        "sha256_in_prefix": "89c21dc2b597b518b76d8f24ca4131e81cb8862dc70559fff6522fbda1e3b89b",
        "size_in_bytes": 3306
      },
      {
        "_path": "Lib/site-packages/ephem/doc/quick.rst",
        "path_type": "hardlink",
        "sha256": "ea4356fb650892699226d86d711057b67652ed2003ca781267abe61594d51a8b",
        "sha256_in_prefix": "ea4356fb650892699226d86d711057b67652ed2003ca781267abe61594d51a8b",
        "size_in_bytes": 28334
      },
      {
        "_path": "Lib/site-packages/ephem/doc/radec.rst",
        "path_type": "hardlink",
        "sha256": "c2f05a19259e72bc7da5f86669066ba362515c010516a867ed195861f8b95a70",
        "sha256_in_prefix": "c2f05a19259e72bc7da5f86669066ba362515c010516a867ed195861f8b95a70",
        "size_in_bytes": 8608
      },
      {
        "_path": "Lib/site-packages/ephem/doc/reference.rst",
        "path_type": "hardlink",
        "sha256": "bd48fc6ce2c49f0079edee3e594a018cdf92d032b09c14bdb068e730db94289a",
        "sha256_in_prefix": "bd48fc6ce2c49f0079edee3e594a018cdf92d032b09c14bdb068e730db94289a",
        "size_in_bytes": 752
      },
      {
        "_path": "Lib/site-packages/ephem/doc/rise-set.rst",
        "path_type": "hardlink",
        "sha256": "e2376d3b65f3df7d4e7d14f49561c70450f921afe600d74e4b446672f6d4eb6e",
        "sha256_in_prefix": "e2376d3b65f3df7d4e7d14f49561c70450f921afe600d74e4b446672f6d4eb6e",
        "size_in_bytes": 4433
      },
      {
        "_path": "Lib/site-packages/ephem/doc/tutorial.rst",
        "path_type": "hardlink",
        "sha256": "75366b0a88f192ea7ea5f3f38e73e5767fa8e742a19f0ccdba326f2c1d933a47",
        "sha256_in_prefix": "75366b0a88f192ea7ea5f3f38e73e5767fa8e742a19f0ccdba326f2c1d933a47",
        "size_in_bytes": 29098
      },
      {
        "_path": "Lib/site-packages/ephem/stars.py",
        "path_type": "hardlink",
        "sha256": "c0cacb67bb6cc4089016701dd5670ec88d014162f209626d3b69a5871ab4f6c1",
        "sha256_in_prefix": "c0cacb67bb6cc4089016701dd5670ec88d014162f209626d3b69a5871ab4f6c1",
        "size_in_bytes": 11633
      },
      {
        "_path": "Lib/site-packages/ephem/tests/__init__.py",
        "path_type": "hardlink",
        "sha256": "e3b0c44298fc1c149afbf4c8996fb92427ae41e4649b934ca495991b7852b855",
        "sha256_in_prefix": "e3b0c44298fc1c149afbf4c8996fb92427ae41e4649b934ca495991b7852b855",
        "size_in_bytes": 0
      },
      {
        "_path": "Lib/site-packages/ephem/tests/__pycache__/__init__.cpython-37.pyc",
        "path_type": "hardlink",
        "sha256": "d52a7f09733ea0acf799adbbf94ed6dfebdff6dc95c2a594680f9518243b6947",
        "sha256_in_prefix": "d52a7f09733ea0acf799adbbf94ed6dfebdff6dc95c2a594680f9518243b6947",
        "size_in_bytes": 128
      },
      {
        "_path": "Lib/site-packages/ephem/tests/__pycache__/test_angles.cpython-37.pyc",
        "path_type": "hardlink",
        "sha256": "fa907799020ddbedeb1c4d93587de8699bb5ed35e0cf0aec2928805824bc4810",
        "sha256_in_prefix": "fa907799020ddbedeb1c4d93587de8699bb5ed35e0cf0aec2928805824bc4810",
        "size_in_bytes": 2609
      },
      {
        "_path": "Lib/site-packages/ephem/tests/__pycache__/test_bodies.cpython-37.pyc",
        "path_type": "hardlink",
        "sha256": "99abfba1798eaa2f120941906eee07d59e881cc8cedd33923b41a9ec48164822",
        "sha256_in_prefix": "99abfba1798eaa2f120941906eee07d59e881cc8cedd33923b41a9ec48164822",
        "size_in_bytes": 9128
      },
      {
        "_path": "Lib/site-packages/ephem/tests/__pycache__/test_cities.cpython-37.pyc",
        "path_type": "hardlink",
        "sha256": "9002cee6f72cdc9c6447c82ebc59ce752dda4d18a6ab9cc0d688b8034459f7dc",
        "sha256_in_prefix": "9002cee6f72cdc9c6447c82ebc59ce752dda4d18a6ab9cc0d688b8034459f7dc",
        "size_in_bytes": 712
      },
      {
        "_path": "Lib/site-packages/ephem/tests/__pycache__/test_constants.cpython-37.pyc",
        "path_type": "hardlink",
        "sha256": "e07dd0f5577da2ed49fe64b6f0de11869030de65514db5819bf659175726e73e",
        "sha256_in_prefix": "e07dd0f5577da2ed49fe64b6f0de11869030de65514db5819bf659175726e73e",
        "size_in_bytes": 651
      },
      {
        "_path": "Lib/site-packages/ephem/tests/__pycache__/test_dates.cpython-37.pyc",
        "path_type": "hardlink",
        "sha256": "cf197133b6d69cab22e82839632affd6cb026fd8d527689c0c5a67d96cc95323",
        "sha256_in_prefix": "cf197133b6d69cab22e82839632affd6cb026fd8d527689c0c5a67d96cc95323",
        "size_in_bytes": 4527
      },
      {
        "_path": "Lib/site-packages/ephem/tests/__pycache__/test_github_issues.cpython-37.pyc",
        "path_type": "hardlink",
        "sha256": "f7bdac7e421c28d3bb5cd0774d8ff94c79eec5954946f7e80d5f35477d169a58",
        "sha256_in_prefix": "f7bdac7e421c28d3bb5cd0774d8ff94c79eec5954946f7e80d5f35477d169a58",
        "size_in_bytes": 4140
      },
      {
        "_path": "Lib/site-packages/ephem/tests/__pycache__/test_jpl.cpython-37.pyc",
        "path_type": "hardlink",
        "sha256": "8d2a50b49d97351cbc83094c9cd903eabed2f1d9c117726acd26cb8cd7def1a0",
        "sha256_in_prefix": "8d2a50b49d97351cbc83094c9cd903eabed2f1d9c117726acd26cb8cd7def1a0",
        "size_in_bytes": 2429
      },
      {
        "_path": "Lib/site-packages/ephem/tests/__pycache__/test_launchpad_236872.cpython-37.pyc",
        "path_type": "hardlink",
        "sha256": "19b6938bdf40e0aeaabaf23481bc8da11c464da96fa69a220267c15517eb0848",
        "sha256_in_prefix": "19b6938bdf40e0aeaabaf23481bc8da11c464da96fa69a220267c15517eb0848",
        "size_in_bytes": 606
      },
      {
        "_path": "Lib/site-packages/ephem/tests/__pycache__/test_launchpad_244811.cpython-37.pyc",
        "path_type": "hardlink",
        "sha256": "802ab4355abce97266321d2b29ca356c471f0742c8757eba0ac105cabfbe7e7d",
        "sha256_in_prefix": "802ab4355abce97266321d2b29ca356c471f0742c8757eba0ac105cabfbe7e7d",
        "size_in_bytes": 810
      },
      {
        "_path": "Lib/site-packages/ephem/tests/__pycache__/test_locales.cpython-37.pyc",
        "path_type": "hardlink",
        "sha256": "a6bc757681f9cbca8a414440253efd0085dd7c8be3f0dd405eb56d277498b90c",
        "sha256_in_prefix": "a6bc757681f9cbca8a414440253efd0085dd7c8be3f0dd405eb56d277498b90c",
        "size_in_bytes": 1522
      },
      {
        "_path": "Lib/site-packages/ephem/tests/__pycache__/test_observers.cpython-37.pyc",
        "path_type": "hardlink",
        "sha256": "6c0ac6f005238ca3ececcb7be04db597681c33c5e0ef45444619ce52f529c4bb",
        "sha256_in_prefix": "6c0ac6f005238ca3ececcb7be04db597681c33c5e0ef45444619ce52f529c4bb",
        "size_in_bytes": 1602
      },
      {
        "_path": "Lib/site-packages/ephem/tests/__pycache__/test_rst.cpython-37.pyc",
        "path_type": "hardlink",
        "sha256": "138c7d89540a6cab04f11b012281f056c41ab6dc129a265c7e1c783c66377a40",
        "sha256_in_prefix": "138c7d89540a6cab04f11b012281f056c41ab6dc129a265c7e1c783c66377a40",
        "size_in_bytes": 1249
      },
      {
        "_path": "Lib/site-packages/ephem/tests/__pycache__/test_satellite.cpython-37.pyc",
        "path_type": "hardlink",
        "sha256": "1b9d2d4f922c0921f5baf862065b20b93d9868f8f4a058666e98440344cfeb8e",
        "sha256_in_prefix": "1b9d2d4f922c0921f5baf862065b20b93d9868f8f4a058666e98440344cfeb8e",
        "size_in_bytes": 3470
      },
      {
        "_path": "Lib/site-packages/ephem/tests/__pycache__/test_stars.cpython-37.pyc",
        "path_type": "hardlink",
        "sha256": "ced06c79e3b002105b6a8ef5074f10c8c4ed2def31bdc6328c90fd2ee6fd5417",
        "sha256_in_prefix": "ced06c79e3b002105b6a8ef5074f10c8c4ed2def31bdc6328c90fd2ee6fd5417",
        "size_in_bytes": 13849
      },
      {
        "_path": "Lib/site-packages/ephem/tests/__pycache__/test_usno.cpython-37.pyc",
        "path_type": "hardlink",
        "sha256": "471e4ac7725633597b7e564fa0c85c7afd5673b166ac2f8d2f1e128fddfb4aca",
        "sha256_in_prefix": "471e4ac7725633597b7e564fa0c85c7afd5673b166ac2f8d2f1e128fddfb4aca",
        "size_in_bytes": 15282
      },
      {
        "_path": "Lib/site-packages/ephem/tests/__pycache__/test_usno_equinoxes.cpython-37.pyc",
        "path_type": "hardlink",
        "sha256": "5be729246680e9853efff9ab569e8849f83a0bd740a0aa24c6b3d288ebd3a6c4",
        "sha256_in_prefix": "5be729246680e9853efff9ab569e8849f83a0bd740a0aa24c6b3d288ebd3a6c4",
        "size_in_bytes": 6293
      },
      {
        "_path": "Lib/site-packages/ephem/tests/jpl/europa.txt",
        "path_type": "hardlink",
        "sha256": "b23a4c85adb2934bc6bd19f74fd24d2a33a399d9f4736ce2184366b1130f7804",
        "sha256_in_prefix": "b23a4c85adb2934bc6bd19f74fd24d2a33a399d9f4736ce2184366b1130f7804",
        "size_in_bytes": 7951
      },
      {
        "_path": "Lib/site-packages/ephem/tests/jpl/hyperion.txt",
        "path_type": "hardlink",
        "sha256": "d8dbaa44190f282dec8c2668a15102523632f3ace46074cdcc872ea9a4235f06",
        "sha256_in_prefix": "d8dbaa44190f282dec8c2668a15102523632f3ace46074cdcc872ea9a4235f06",
        "size_in_bytes": 5683
      },
      {
        "_path": "Lib/site-packages/ephem/tests/jpl/jupiter.txt",
        "path_type": "hardlink",
        "sha256": "bbd1f25b8bbebb4de326ebb8544799a76f970b946add44caa00e3866737b7815",
        "sha256_in_prefix": "bbd1f25b8bbebb4de326ebb8544799a76f970b946add44caa00e3866737b7815",
        "size_in_bytes": 6519
      },
      {
        "_path": "Lib/site-packages/ephem/tests/jpl/mars.txt",
        "path_type": "hardlink",
        "sha256": "9cab44449b48d8f2c09c3dd23a14f4d312f882d381aa41fb47ec9c8a4cd0ca6b",
        "sha256_in_prefix": "9cab44449b48d8f2c09c3dd23a14f4d312f882d381aa41fb47ec9c8a4cd0ca6b",
        "size_in_bytes": 7956
      },
      {
        "_path": "Lib/site-packages/ephem/tests/jpl/neptune.txt",
        "path_type": "hardlink",
        "sha256": "1d6d8bbf60b7c70f0ea797be21f3014a640ed7933d5b45f6c7092e7f401972ae",
        "sha256_in_prefix": "1d6d8bbf60b7c70f0ea797be21f3014a640ed7933d5b45f6c7092e7f401972ae",
        "size_in_bytes": 5239
      },
      {
        "_path": "Lib/site-packages/ephem/tests/jpl/oberon.txt",
        "path_type": "hardlink",
        "sha256": "331a9332cda4361256e2c4d237149122800b3b8a9c88006412d78a5ac412cd66",
        "sha256_in_prefix": "331a9332cda4361256e2c4d237149122800b3b8a9c88006412d78a5ac412cd66",
        "size_in_bytes": 5233
      },
      {
        "_path": "Lib/site-packages/ephem/tests/jpl/phobos.txt",
        "path_type": "hardlink",
        "sha256": "522a4c6bbe1d8b668d78d8f5c723784f3837c8d1c9fac2c43024563bda0afc79",
        "sha256_in_prefix": "522a4c6bbe1d8b668d78d8f5c723784f3837c8d1c9fac2c43024563bda0afc79",
        "size_in_bytes": 7957
      },
      {
        "_path": "Lib/site-packages/ephem/tests/jpl/saturn.txt",
        "path_type": "hardlink",
        "sha256": "ead33a9ec5e9b8118f61cb4d2adb0d410c537a148f939ca3f10d35da98de359a",
        "sha256_in_prefix": "ead33a9ec5e9b8118f61cb4d2adb0d410c537a148f939ca3f10d35da98de359a",
        "size_in_bytes": 5721
      },
      {
        "_path": "Lib/site-packages/ephem/tests/jpl/uranus.txt",
        "path_type": "hardlink",
        "sha256": "d0f64829f109659b043094ddb373ae995df1e60d09ab2f93755f15adeeea62ea",
        "sha256_in_prefix": "d0f64829f109659b043094ddb373ae995df1e60d09ab2f93755f15adeeea62ea",
        "size_in_bytes": 5239
      },
      {
        "_path": "Lib/site-packages/ephem/tests/test_angles.py",
        "path_type": "hardlink",
        "sha256": "f7ae544dfebc512b67fe893319abda13e6186f7e3723f6ceed84ecfdd705a6a6",
        "sha256_in_prefix": "f7ae544dfebc512b67fe893319abda13e6186f7e3723f6ceed84ecfdd705a6a6",
        "size_in_bytes": 1547
      },
      {
        "_path": "Lib/site-packages/ephem/tests/test_bodies.py",
        "path_type": "hardlink",
        "sha256": "89a1872fdf53f9fa63c34900d2a7339dfac0f656fd0db5f82b633901714f9af6",
        "sha256_in_prefix": "89a1872fdf53f9fa63c34900d2a7339dfac0f656fd0db5f82b633901714f9af6",
        "size_in_bytes": 12516
      },
      {
        "_path": "Lib/site-packages/ephem/tests/test_cities.py",
        "path_type": "hardlink",
        "sha256": "0a447e4327ff4e7adb1933cf2f8ecf814dab66b4f3c44e2f2668679446093c09",
        "sha256_in_prefix": "0a447e4327ff4e7adb1933cf2f8ecf814dab66b4f3c44e2f2668679446093c09",
        "size_in_bytes": 284
      },
      {
        "_path": "Lib/site-packages/ephem/tests/test_constants.py",
        "path_type": "hardlink",
        "sha256": "767487a5b495373bc9a701016fca070306db9fe1cfa1424539d0e3044a26e0b5",
        "sha256_in_prefix": "767487a5b495373bc9a701016fca070306db9fe1cfa1424539d0e3044a26e0b5",
        "size_in_bytes": 434
      },
      {
        "_path": "Lib/site-packages/ephem/tests/test_dates.py",
        "path_type": "hardlink",
        "sha256": "2b5b585bc9ac1cb4b9277ffc569169c5a5b47a3a57d1ebe8cf810ffd98db5989",
        "sha256_in_prefix": "2b5b585bc9ac1cb4b9277ffc569169c5a5b47a3a57d1ebe8cf810ffd98db5989",
        "size_in_bytes": 4331
      },
      {
        "_path": "Lib/site-packages/ephem/tests/test_github_issues.py",
        "path_type": "hardlink",
        "sha256": "a1eb4afe8ae5fc3bc5b5a1c58557e2af3a794bab4fbc195092620f895e959021",
        "sha256_in_prefix": "a1eb4afe8ae5fc3bc5b5a1c58557e2af3a794bab4fbc195092620f895e959021",
        "size_in_bytes": 3632
      },
      {
        "_path": "Lib/site-packages/ephem/tests/test_jpl.py",
        "path_type": "hardlink",
        "sha256": "ebb51cd5a170f3d152da49caba51333fbf013dcccb20c32a0410dd1f367ac7db",
        "sha256_in_prefix": "ebb51cd5a170f3d152da49caba51333fbf013dcccb20c32a0410dd1f367ac7db",
        "size_in_bytes": 3026
      },
      {
        "_path": "Lib/site-packages/ephem/tests/test_launchpad_236872.py",
        "path_type": "hardlink",
        "sha256": "caa236acd1a5be5dc4fbba2642182199823d871cf72497660e61817251c0d66d",
        "sha256_in_prefix": "caa236acd1a5be5dc4fbba2642182199823d871cf72497660e61817251c0d66d",
        "size_in_bytes": 371
      },
      {
        "_path": "Lib/site-packages/ephem/tests/test_launchpad_244811.py",
        "path_type": "hardlink",
        "sha256": "caab8e0ef9ee19de25915be0d00fc26f4139585c2b5e045ed39f742926e6fb98",
        "sha256_in_prefix": "caab8e0ef9ee19de25915be0d00fc26f4139585c2b5e045ed39f742926e6fb98",
        "size_in_bytes": 801
      },
      {
        "_path": "Lib/site-packages/ephem/tests/test_locales.py",
        "path_type": "hardlink",
        "sha256": "daa3daf7eab446b505efd1618eee2a80c05832d9caf2d0c927eb1527814d13f3",
        "sha256_in_prefix": "daa3daf7eab446b505efd1618eee2a80c05832d9caf2d0c927eb1527814d13f3",
        "size_in_bytes": 1307
      },
      {
        "_path": "Lib/site-packages/ephem/tests/test_observers.py",
        "path_type": "hardlink",
        "sha256": "e9fd31b2d62d7703799e1590bc8eccb7eead6236f6d4a7c349efff4a7057f642",
        "sha256_in_prefix": "e9fd31b2d62d7703799e1590bc8eccb7eead6236f6d4a7c349efff4a7057f642",
        "size_in_bytes": 1115
      },
      {
        "_path": "Lib/site-packages/ephem/tests/test_rst.py",
        "path_type": "hardlink",
        "sha256": "1622f56978c8fe981e6dfb13f5e4ef7b26d600b7bab9b3d5f8155490f4ff6a97",
        "sha256_in_prefix": "1622f56978c8fe981e6dfb13f5e4ef7b26d600b7bab9b3d5f8155490f4ff6a97",
        "size_in_bytes": 986
      },
      {
        "_path": "Lib/site-packages/ephem/tests/test_satellite.py",
        "path_type": "hardlink",
        "sha256": "9efa750e9933957d9e310993c6595381f13b297bd8a01ee9d2ab7584053fa480",
        "sha256_in_prefix": "9efa750e9933957d9e310993c6595381f13b297bd8a01ee9d2ab7584053fa480",
        "size_in_bytes": 3603
      },
      {
        "_path": "Lib/site-packages/ephem/tests/test_stars.py",
        "path_type": "hardlink",
        "sha256": "24b190a7a18beba74d1d965196a6b89667d956690bc7f90eeeb0d919defce6b7",
        "sha256_in_prefix": "24b190a7a18beba74d1d965196a6b89667d956690bc7f90eeeb0d919defce6b7",
        "size_in_bytes": 8622
      },
      {
        "_path": "Lib/site-packages/ephem/tests/test_usno.py",
        "path_type": "hardlink",
        "sha256": "45686d944194a96afa0558ca7bdb3ccf57a9e5728f561ef856461f0f2b7eb418",
        "sha256_in_prefix": "45686d944194a96afa0558ca7bdb3ccf57a9e5728f561ef856461f0f2b7eb418",
        "size_in_bytes": 17188
      },
      {
        "_path": "Lib/site-packages/ephem/tests/test_usno_equinoxes.py",
        "path_type": "hardlink",
        "sha256": "ea5ed0813ee645d5e9f11ce40adfa8c0dadb50468e2e6182afdec2b1da2349cc",
        "sha256_in_prefix": "ea5ed0813ee645d5e9f11ce40adfa8c0dadb50468e2e6182afdec2b1da2349cc",
        "size_in_bytes": 6856
      },
      {
        "_path": "Lib/site-packages/ephem/tests/usno/appgeo_deneb.txt",
        "path_type": "hardlink",
        "sha256": "258bcfef5f264cbef052bb8465293d76371de9ef284759b9cbb6361efccb7b4e",
        "sha256_in_prefix": "258bcfef5f264cbef052bb8465293d76371de9ef284759b9cbb6361efccb7b4e",
        "size_in_bytes": 1182
      },
      {
        "_path": "Lib/site-packages/ephem/tests/usno/appgeo_jupiter.txt",
        "path_type": "hardlink",
        "sha256": "06cc5452d5dfd6927cd5f077e6d26f9e497904529dbff4c82bd48264ad695b2c",
        "sha256_in_prefix": "06cc5452d5dfd6927cd5f077e6d26f9e497904529dbff4c82bd48264ad695b2c",
        "size_in_bytes": 1297
      },
      {
        "_path": "Lib/site-packages/ephem/tests/usno/appgeo_moon.txt",
        "path_type": "hardlink",
        "sha256": "68ed34d66e88ad510bfc29593ebcefc0aa450c2895998bd5a35650f67a4653b5",
        "sha256_in_prefix": "68ed34d66e88ad510bfc29593ebcefc0aa450c2895998bd5a35650f67a4653b5",
        "size_in_bytes": 1285
      },
      {
        "_path": "Lib/site-packages/ephem/tests/usno/appgeo_sun.txt",
        "path_type": "hardlink",
        "sha256": "d27ac6f06a22edceaecaf82e0f5e2a734906d38c24ddf23ab5da8ec8ee3083db",
        "sha256_in_prefix": "d27ac6f06a22edceaecaf82e0f5e2a734906d38c24ddf23ab5da8ec8ee3083db",
        "size_in_bytes": 1422
      },
      {
        "_path": "Lib/site-packages/ephem/tests/usno/apptopo_deneb.txt",
        "path_type": "hardlink",
        "sha256": "6a1495acc1a92a0a105dd03a2a35d977ef862c511ad7c0c02d26d89510fbb14b",
        "sha256_in_prefix": "6a1495acc1a92a0a105dd03a2a35d977ef862c511ad7c0c02d26d89510fbb14b",
        "size_in_bytes": 1394
      },
      {
        "_path": "Lib/site-packages/ephem/tests/usno/apptopo_moon.txt",
        "path_type": "hardlink",
        "sha256": "e193a88588a0e1114d1a9efbeacaf5cc1f1f0c694d5c5a249d21ee7169726931",
        "sha256_in_prefix": "e193a88588a0e1114d1a9efbeacaf5cc1f1f0c694d5c5a249d21ee7169726931",
        "size_in_bytes": 1518
      },
      {
        "_path": "Lib/site-packages/ephem/tests/usno/apptopo_sun.txt",
        "path_type": "hardlink",
        "sha256": "4f5969e8322f2e320d9d106f8619a8ff9af3cddb77a24c493bfbb293346ee542",
        "sha256_in_prefix": "4f5969e8322f2e320d9d106f8619a8ff9af3cddb77a24c493bfbb293346ee542",
        "size_in_bytes": 1530
      },
      {
        "_path": "Lib/site-packages/ephem/tests/usno/astrom_antares.txt",
        "path_type": "hardlink",
        "sha256": "1d8d30072740637c470840c092e830e5eaa9992dfb0c3aaa1ab1431cd8e38a84",
        "sha256_in_prefix": "1d8d30072740637c470840c092e830e5eaa9992dfb0c3aaa1ab1431cd8e38a84",
        "size_in_bytes": 1182
      },
      {
        "_path": "Lib/site-packages/ephem/tests/usno/astrom_mercury.txt",
        "path_type": "hardlink",
        "sha256": "0438ca1cb9e166f1d3559bf095d9b61a884639b55099da48baed6b785864e357",
        "sha256_in_prefix": "0438ca1cb9e166f1d3559bf095d9b61a884639b55099da48baed6b785864e357",
        "size_in_bytes": 1297
      },
      {
        "_path": "Lib/site-packages/ephem/tests/usno/astrom_neptune.txt",
        "path_type": "hardlink",
        "sha256": "3680b0efa748892fff406c9c7da94fcd46b2dc21850b5dba17acb70e2bd8e53f",
        "sha256_in_prefix": "3680b0efa748892fff406c9c7da94fcd46b2dc21850b5dba17acb70e2bd8e53f",
        "size_in_bytes": 1297
      },
      {
        "_path": "Lib/site-packages/ephem/tests/usno/moon_phases.txt",
        "path_type": "hardlink",
        "sha256": "c577b09aa13d7b9b3040107299ec1ba8a0fbf13e3ab218ea219ff2fdc7335c42",
        "sha256_in_prefix": "c577b09aa13d7b9b3040107299ec1ba8a0fbf13e3ab218ea219ff2fdc7335c42",
        "size_in_bytes": 1072
      },
      {
        "_path": "Lib/site-packages/ephem/tests/usno/riset_moon.txt",
        "path_type": "hardlink",
        "sha256": "0796a25a799863464be4481803a5b020372b3d0788506ade67356e2cae1bba47",
        "sha256_in_prefix": "0796a25a799863464be4481803a5b020372b3d0788506ade67356e2cae1bba47",
        "size_in_bytes": 5498
      },
      {
        "_path": "Lib/site-packages/ephem/tests/usno/riset_sun.txt",
        "path_type": "hardlink",
        "sha256": "ed3d0723b1087d99f5d8e3c7f73292eaa5a7d538d65d31486294e9d45c19a047",
        "sha256_in_prefix": "ed3d0723b1087d99f5d8e3c7f73292eaa5a7d538d65d31486294e9d45c19a047",
        "size_in_bytes": 5498
      },
      {
        "_path": "Lib/site-packages/ephem/tests/usno/risettran_moon.txt",
        "path_type": "hardlink",
        "sha256": "a751f648a2c9691c4175fe55b8b9151087b31fcb5b9e48eec81d0ba2290ab4d4",
        "sha256_in_prefix": "a751f648a2c9691c4175fe55b8b9151087b31fcb5b9e48eec81d0ba2290ab4d4",
        "size_in_bytes": 2042
      },
      {
        "_path": "Lib/site-packages/ephem/tests/usno/risettran_rigel.txt",
        "path_type": "hardlink",
        "sha256": "6e74cf7405df8ea8b73c0c208878786762a4f5092c7299100597c32ee0e7af4f",
        "sha256_in_prefix": "6e74cf7405df8ea8b73c0c208878786762a4f5092c7299100597c32ee0e7af4f",
        "size_in_bytes": 2481
      }
    ],
    "paths_version": 1
  },
  "requested_spec": "None",
  "sha256": "7c259c0afff04c285fbf0cc726aebe165fae69aebef140611651bcf8281633bd",
  "size": 758844,
  "subdir": "win-64",
  "timestamp": 1582553010989,
  "track_features": "",
  "url": "https://conda.anaconda.org/conda-forge/win-64/ephem-3.7.7.1-py37hfa6e2cd_0.tar.bz2",
  "version": "3.7.7.1"
}