{
  "build": "py37h6538335_0",
  "build_number": 0,
  "channel": "https://conda.anaconda.org/conda-forge/win-64",
  "constrains": [
    "python_abi * *_cp37m"
  ],
  "depends": [
    "convertdate >=2.1.2",
    "holidays >=0.9.5",
    "lunarcalendar >=0.0.9",
    "m2w64-toolchain",
    "matplotlib-base >=2.0.0",
    "numpy >=1.11",
    "pandas >=0.20.1",
    "pystan >=2.14",
    "python >=3.7,<3.8.0a0",
    "python-dateutil >=2.8.0",
    "setuptools",
    "vc >=14,<15.0a0"
  ],
  "extracted_package_dir": "C:\\Users\\abenav.sankar\\Anaconda3\\pkgs\\fbprophet-0.6-py37h6538335_0",
  "features": "",
  "files": [
    "Lib/site-packages/fbprophet-0.6.dist-info/INSTALLER",
    "Lib/site-packages/fbprophet-0.6.dist-info/LICENSE",
    "Lib/site-packages/fbprophet-0.6.dist-info/METADATA",
    "Lib/site-packages/fbprophet-0.6.dist-info/RECORD",
    "Lib/site-packages/fbprophet-0.6.dist-info/WHEEL",
    "Lib/site-packages/fbprophet-0.6.dist-info/top_level.txt",
    "Lib/site-packages/fbprophet/__init__.py",
    "Lib/site-packages/fbprophet/__pycache__/__init__.cpython-37.pyc",
    "Lib/site-packages/fbprophet/__pycache__/diagnostics.cpython-37.pyc",
    "Lib/site-packages/fbprophet/__pycache__/forecaster.cpython-37.pyc",
    "Lib/site-packages/fbprophet/__pycache__/hdays.cpython-37.pyc",
    "Lib/site-packages/fbprophet/__pycache__/make_holidays.cpython-37.pyc",
    "Lib/site-packages/fbprophet/__pycache__/models.cpython-37.pyc",
    "Lib/site-packages/fbprophet/__pycache__/plot.cpython-37.pyc",
    "Lib/site-packages/fbprophet/diagnostics.py",
    "Lib/site-packages/fbprophet/forecaster.py",
    "Lib/site-packages/fbprophet/hdays.py",
    "Lib/site-packages/fbprophet/make_holidays.py",
    "Lib/site-packages/fbprophet/models.py",
    "Lib/site-packages/fbprophet/plot.py",
    "Lib/site-packages/fbprophet/stan_model/prophet_model.pkl",
    "Lib/site-packages/fbprophet/tests/__init__.py",
    "Lib/site-packages/fbprophet/tests/__pycache__/__init__.cpython-37.pyc",
    "Lib/site-packages/fbprophet/tests/__pycache__/test_diagnostics.cpython-37.pyc",
    "Lib/site-packages/fbprophet/tests/__pycache__/test_prophet.cpython-37.pyc",
    "Lib/site-packages/fbprophet/tests/data.csv",
    "Lib/site-packages/fbprophet/tests/data2.csv",
    "Lib/site-packages/fbprophet/tests/test_diagnostics.py",
    "Lib/site-packages/fbprophet/tests/test_prophet.py",
    ".nonadmin"
  ],
  "fn": "fbprophet-0.6-py37h6538335_0.tar.bz2",
  "license": "MIT",
  "license_family": "MIT",
  "link": {
    "source": "C:\\Users\\abenav.sankar\\Anaconda3\\pkgs\\fbprophet-0.6-py37h6538335_0",
    "type": 1
  },
  "md5": "34d379e03e78d0dd35f14a491072ca2a",
  "name": "fbprophet",
  "package_tarball_full_path": "C:\\Users\\abenav.sankar\\Anaconda3\\pkgs\\fbprophet-0.6-py37h6538335_0.tar.bz2",
  "paths_data": {
    "paths": [
      {
        "_path": "Lib/site-packages/fbprophet-0.6.dist-info/INSTALLER",
        "path_type": "hardlink",
        "sha256": "d0edee15f91b406f3f99726e44eb990be6e34fd0345b52b910c568e0eef6a2a8",
        "sha256_in_prefix": "d0edee15f91b406f3f99726e44eb990be6e34fd0345b52b910c568e0eef6a2a8",
        "size_in_bytes": 5
      },
      {
        "_path": "Lib/site-packages/fbprophet-0.6.dist-info/LICENSE",
        "path_type": "hardlink",
        "sha256": "52412d7bc7ce4157ea628bbaacb8829e0a9cb3c58f57f99176126bc8cf2bfc85",
        "sha256_in_prefix": "52412d7bc7ce4157ea628bbaacb8829e0a9cb3c58f57f99176126bc8cf2bfc85",
        "size_in_bytes": 1086
      },
      {
        "_path": "Lib/site-packages/fbprophet-0.6.dist-info/METADATA",
        "path_type": "hardlink",
        "sha256": "06d24913d4447894ed15b715b74534ba0e592d7b7d3123213bbba2a5ddcf4793",
        "sha256_in_prefix": "06d24913d4447894ed15b715b74534ba0e592d7b7d3123213bbba2a5ddcf4793",
        "size_in_bytes": 1222
      },
      {
        "_path": "Lib/site-packages/fbprophet-0.6.dist-info/RECORD",
        "path_type": "hardlink",
        "sha256": "d45284ac760654bde1c51715fce87e83a8dce489530b0f9182cde81b553208f8",
        "sha256_in_prefix": "d45284ac760654bde1c51715fce87e83a8dce489530b0f9182cde81b553208f8",
        "size_in_bytes": 2088
      },
      {
        "_path": "Lib/site-packages/fbprophet-0.6.dist-info/WHEEL",
        "path_type": "hardlink",
        "sha256": "61463343a510768ab15e38a63a2b53ab29e5b410a4c18eaa9537d3876233a905",
        "sha256_in_prefix": "61463343a510768ab15e38a63a2b53ab29e5b410a4c18eaa9537d3876233a905",
        "size_in_bytes": 97
      },
      {
        "_path": "Lib/site-packages/fbprophet-0.6.dist-info/top_level.txt",
        "path_type": "hardlink",
        "sha256": "5e44f1f15f11d051e2dfa0a42a83212fd63ee07916190c025293e61eefba664d",
        "sha256_in_prefix": "5e44f1f15f11d051e2dfa0a42a83212fd63ee07916190c025293e61eefba664d",
        "size_in_bytes": 10
      },
      {
        "_path": "Lib/site-packages/fbprophet/__init__.py",
        "path_type": "hardlink",
        "sha256": "c519034cfd0db17c321556abb821823de1d8bc36f471ccfe11d124f4ab9b2b46",
        "sha256_in_prefix": "c519034cfd0db17c321556abb821823de1d8bc36f471ccfe11d124f4ab9b2b46",
        "size_in_bytes": 359
      },
      {
        "_path": "Lib/site-packages/fbprophet/__pycache__/__init__.cpython-37.pyc",
        "path_type": "hardlink",
        "sha256": "26206ca1390413e801d29178294206bd26e207586cbff19af7e6de98d413911d",
        "sha256_in_prefix": "26206ca1390413e801d29178294206bd26e207586cbff19af7e6de98d413911d",
        "size_in_bytes": 202
      },
      {
        "_path": "Lib/site-packages/fbprophet/__pycache__/diagnostics.cpython-37.pyc",
        "path_type": "hardlink",
        "sha256": "0c653e7e4b94d737364cbb4ec38216d270f7f7a272f65d83d2948ea59131f609",
        "sha256_in_prefix": "0c653e7e4b94d737364cbb4ec38216d270f7f7a272f65d83d2948ea59131f609",
        "size_in_bytes": 13818
      },
      {
        "_path": "Lib/site-packages/fbprophet/__pycache__/forecaster.cpython-37.pyc",
        "path_type": "hardlink",
        "sha256": "bd0f66647c079a824bef4dfb172717c248e891c796fe69eb6a84302a58e46e3b",
        "sha256_in_prefix": "bd0f66647c079a824bef4dfb172717c248e891c796fe69eb6a84302a58e46e3b",
        "size_in_bytes": 45794
      },
      {
        "_path": "Lib/site-packages/fbprophet/__pycache__/hdays.cpython-37.pyc",
        "path_type": "hardlink",
        "sha256": "b8843f13620e951ca7d1e2694a4ecf4bd5d8060c30c48304624e8e665f167626",
        "sha256_in_prefix": "b8843f13620e951ca7d1e2694a4ecf4bd5d8060c30c48304624e8e665f167626",
        "size_in_bytes": 27565
      },
      {
        "_path": "Lib/site-packages/fbprophet/__pycache__/make_holidays.cpython-37.pyc",
        "path_type": "hardlink",
        "sha256": "6453f64d4172dfd12e935ffeec50a20eabfadbb84e2b56e21352caa5538fc29f",
        "sha256_in_prefix": "6453f64d4172dfd12e935ffeec50a20eabfadbb84e2b56e21352caa5538fc29f",
        "size_in_bytes": 1813
      },
      {
        "_path": "Lib/site-packages/fbprophet/__pycache__/models.cpython-37.pyc",
        "path_type": "hardlink",
        "sha256": "9e2bfab7d33276f2a79076610daee940967821fbc79b7507725961caa4e7e032",
        "sha256_in_prefix": "9e2bfab7d33276f2a79076610daee940967821fbc79b7507725961caa4e7e032",
        "size_in_bytes": 7569
      },
      {
        "_path": "Lib/site-packages/fbprophet/__pycache__/plot.cpython-37.pyc",
        "path_type": "hardlink",
        "sha256": "d9fdecf89d817956ebb7ee481dd6aef3eb95315fbb8d7ab0368fe4493e9a81c3",
        "sha256_in_prefix": "d9fdecf89d817956ebb7ee481dd6aef3eb95315fbb8d7ab0368fe4493e9a81c3",
        "size_in_bytes": 26702
      },
      {
        "_path": "Lib/site-packages/fbprophet/diagnostics.py",
        "path_type": "hardlink",
        "sha256": "4b4436f32358e254bf5c47bae440cfc3ec2f41264f8b7b3f1b4fa13a878859a0",
        "sha256_in_prefix": "4b4436f32358e254bf5c47bae440cfc3ec2f41264f8b7b3f1b4fa13a878859a0",
        "size_in_bytes": 17120
      },
      {
        "_path": "Lib/site-packages/fbprophet/forecaster.py",
        "path_type": "hardlink",
        "sha256": "6b9be6fcad9f6f3084c115546edc92827b3c576d8558664e3381d06b665007f7",
        "sha256_in_prefix": "6b9be6fcad9f6f3084c115546edc92827b3c576d8558664e3381d06b665007f7",
        "size_in_bytes": 62050
      },
      {
        "_path": "Lib/site-packages/fbprophet/hdays.py",
        "path_type": "hardlink",
        "sha256": "a761a5ebb5453bcb4d86aa964423e4be258e47d6560defd579aa26e8c6697711",
        "sha256_in_prefix": "a761a5ebb5453bcb4d86aa964423e4be258e47d6560defd579aa26e8c6697711",
        "size_in_bytes": 43742
      },
      {
        "_path": "Lib/site-packages/fbprophet/make_holidays.py",
        "path_type": "hardlink",
        "sha256": "3764027119f45a38dbbde2cf1a17e82e7a08adf805f105a06e168de46fd6abd3",
        "sha256_in_prefix": "3764027119f45a38dbbde2cf1a17e82e7a08adf805f105a06e168de46fd6abd3",
        "size_in_bytes": 2008
      },
      {
        "_path": "Lib/site-packages/fbprophet/models.py",
        "path_type": "hardlink",
        "sha256": "cd30e28f6ee7346354d34a42e768d84f9bd641f2e98c5b6907ffdb9600e44f4e",
        "sha256_in_prefix": "cd30e28f6ee7346354d34a42e768d84f9bd641f2e98c5b6907ffdb9600e44f4e",
        "size_in_bytes": 8514
      },
      {
        "_path": "Lib/site-packages/fbprophet/plot.py",
        "path_type": "hardlink",
        "sha256": "0bfb36b5e9de73735e6e8128f6ccfc59e11adffbb04b1cc5613fc266bd0001b3",
        "sha256_in_prefix": "0bfb36b5e9de73735e6e8128f6ccfc59e11adffbb04b1cc5613fc266bd0001b3",
        "size_in_bytes": 35557
      },
      {
        "_path": "Lib/site-packages/fbprophet/stan_model/prophet_model.pkl",
        "file_mode": "binary",
        "path_type": "hardlink",
        "prefix_placeholder": "D:\\bld\\fbprophet_1582225077539\\_h_env",
        "sha256": "56e6db5eccdfcc3e8bbf7afb4378faaac5ca4412467bde8d2f6ad65900825a31",
        "sha256_in_prefix": "56e6db5eccdfcc3e8bbf7afb4378faaac5ca4412467bde8d2f6ad65900825a31",
        "size_in_bytes": 1153850
      },
      {
        "_path": "Lib/site-packages/fbprophet/tests/__init__.py",
        "path_type": "hardlink",
        "sha256": "e3b0c44298fc1c149afbf4c8996fb92427ae41e4649b934ca495991b7852b855",
        "sha256_in_prefix": "e3b0c44298fc1c149afbf4c8996fb92427ae41e4649b934ca495991b7852b855",
        "size_in_bytes": 0
      },
      {
        "_path": "Lib/site-packages/fbprophet/tests/__pycache__/__init__.cpython-37.pyc",
        "path_type": "hardlink",
        "sha256": "c080ce0823fd8631b8a05a4ca0a0e8ab4663ed67fb69dacd8fc30361c3225b35",
        "sha256_in_prefix": "c080ce0823fd8631b8a05a4ca0a0e8ab4663ed67fb69dacd8fc30361c3225b35",
        "size_in_bytes": 132
      },
      {
        "_path": "Lib/site-packages/fbprophet/tests/__pycache__/test_diagnostics.cpython-37.pyc",
        "path_type": "hardlink",
        "sha256": "79e6fa3c29881e3a124f06a1b2eb14b1f01216956153b4e888c11f2cd8dbab72",
        "sha256_in_prefix": "79e6fa3c29881e3a124f06a1b2eb14b1f01216956153b4e888c11f2cd8dbab72",
        "size_in_bytes": 9086
      },
      {
        "_path": "Lib/site-packages/fbprophet/tests/__pycache__/test_prophet.cpython-37.pyc",
        "path_type": "hardlink",
        "sha256": "97e69d7f391e500085cf73ef8106e1e710889d0b329451fd907260ed0fa6abf0",
        "sha256_in_prefix": "97e69d7f391e500085cf73ef8106e1e710889d0b329451fd907260ed0fa6abf0",
        "size_in_bytes": 22533
      },
      {
        "_path": "Lib/site-packages/fbprophet/tests/data.csv",
        "path_type": "hardlink",
        "sha256": "cb2fa552bcece54f09e211a318824c6f341df300e71c4786662092b8786c61fc",
        "sha256_in_prefix": "cb2fa552bcece54f09e211a318824c6f341df300e71c4786662092b8786c61fc",
        "size_in_bytes": 8628
      },
      {
        "_path": "Lib/site-packages/fbprophet/tests/data2.csv",
        "path_type": "hardlink",
        "sha256": "c0d849d0108dbc1e46df30272a2260b22b621997b85e81549591ff07c2848b01",
        "sha256_in_prefix": "c0d849d0108dbc1e46df30272a2260b22b621997b85e81549591ff07c2848b01",
        "size_in_bytes": 21518
      },
      {
        "_path": "Lib/site-packages/fbprophet/tests/test_diagnostics.py",
        "path_type": "hardlink",
        "sha256": "0f50d5ff2866b0c5b858dfa4ace420f9d6d3d6c1058c57a81610c6216d6327fa",
        "sha256_in_prefix": "0f50d5ff2866b0c5b858dfa4ace420f9d6d3d6c1058c57a81610c6216d6327fa",
        "size_in_bytes": 12869
      },
      {
        "_path": "Lib/site-packages/fbprophet/tests/test_prophet.py",
        "path_type": "hardlink",
        "sha256": "512a7ece8a3d4b4c02b8c06ddd7766cdfa56b3e1a8f9d7d2812e4997bfe31d2e",
        "sha256_in_prefix": "512a7ece8a3d4b4c02b8c06ddd7766cdfa56b3e1a8f9d7d2812e4997bfe31d2e",
        "size_in_bytes": 31953
      }
    ],
    "paths_version": 1
  },
  "requested_spec": "fbprophet",
  "sha256": "d3ed26dc190cd1ae7ad4a5b4c61e3510ec7b967613f2bea6755ac2cd6a5d84c7",
  "size": 533537,
  "subdir": "win-64",
  "timestamp": 1582225933372,
  "track_features": "",
  "url": "https://conda.anaconda.org/conda-forge/win-64/fbprophet-0.6-py37h6538335_0.tar.bz2",
  "version": "0.6"
}