{
  "build": "py_0",
  "build_number": 0,
  "channel": "https://conda.anaconda.org/conda-forge/noarch",
  "constrains": [],
  "depends": [
    "ephem >=3.7.5.3",
    "python",
    "python-dateutil >=2.8.0",
    "pytz"
  ],
  "extracted_package_dir": "C:\\Users\\abenav.sankar\\Anaconda3\\pkgs\\lunarcalendar-0.0.9-py_0",
  "features": "",
  "files": [
    "Lib/site-packages/LunarCalendar-0.0.9.dist-info/INSTALLER",
    "Lib/site-packages/LunarCalendar-0.0.9.dist-info/METADATA",
    "Lib/site-packages/LunarCalendar-0.0.9.dist-info/RECORD",
    "Lib/site-packages/LunarCalendar-0.0.9.dist-info/WHEEL",
    "Lib/site-packages/LunarCalendar-0.0.9.dist-info/entry_points.txt",
    "Lib/site-packages/LunarCalendar-0.0.9.dist-info/top_level.txt",
    "Lib/site-packages/lunarcalendar/__init__.py",
    "Lib/site-packages/lunarcalendar/_calc.py",
    "Lib/site-packages/lunarcalendar/_compact.py",
    "Lib/site-packages/lunarcalendar/basefestival.py",
    "Lib/site-packages/lunarcalendar/color.py",
    "Lib/site-packages/lunarcalendar/command.py",
    "Lib/site-packages/lunarcalendar/converter.py",
    "Lib/site-packages/lunarcalendar/festival.py",
    "Lib/site-packages/lunarcalendar/solarterm.py",
    ".nonadmin",
    "Lib/site-packages/lunarcalendar/__pycache__/__init__.cpython-37.pyc",
    "Lib/site-packages/lunarcalendar/__pycache__/_calc.cpython-37.pyc",
    "Lib/site-packages/lunarcalendar/__pycache__/_compact.cpython-37.pyc",
    "Lib/site-packages/lunarcalendar/__pycache__/basefestival.cpython-37.pyc",
    "Lib/site-packages/lunarcalendar/__pycache__/color.cpython-37.pyc",
    "Lib/site-packages/lunarcalendar/__pycache__/command.cpython-37.pyc",
    "Lib/site-packages/lunarcalendar/__pycache__/converter.cpython-37.pyc",
    "Lib/site-packages/lunarcalendar/__pycache__/festival.cpython-37.pyc",
    "Lib/site-packages/lunarcalendar/__pycache__/solarterm.cpython-37.pyc",
    "Scripts/lunar-find-script.py",
    "Scripts/lunar-find.exe"
  ],
  "fn": "lunarcalendar-0.0.9-py_0.tar.bz2",
  "license": "MIT",
  "license_family": "MIT",
  "link": {
    "source": "C:\\Users\\abenav.sankar\\Anaconda3\\pkgs\\lunarcalendar-0.0.9-py_0",
    "type": 1
  },
  "md5": "5419633221d1c7c8b70580f8b60e994d",
  "name": "lunarcalendar",
  "noarch": "python",
  "package_tarball_full_path": "C:\\Users\\abenav.sankar\\Anaconda3\\pkgs\\lunarcalendar-0.0.9-py_0.tar.bz2",
  "package_type": "noarch_python",
  "paths_data": {
    "paths": [
      {
        "_path": "site-packages/LunarCalendar-0.0.9.dist-info/INSTALLER",
        "path_type": "hardlink",
        "sha256": "d0edee15f91b406f3f99726e44eb990be6e34fd0345b52b910c568e0eef6a2a8",
        "sha256_in_prefix": "d0edee15f91b406f3f99726e44eb990be6e34fd0345b52b910c568e0eef6a2a8",
        "size_in_bytes": 5
      },
      {
        "_path": "site-packages/LunarCalendar-0.0.9.dist-info/METADATA",
        "path_type": "hardlink",
        "sha256": "d65760373c2947949b8b29d501bd11d1f5e4b9fc98158cb399d5ae8fbfe0e1a7",
        "sha256_in_prefix": "d65760373c2947949b8b29d501bd11d1f5e4b9fc98158cb399d5ae8fbfe0e1a7",
        "size_in_bytes": 6252
      },
      {
        "_path": "site-packages/LunarCalendar-0.0.9.dist-info/RECORD",
        "path_type": "hardlink",
        "sha256": "c7786807893ba8f448769529f6a0a63e77d9a7c9e7a5d32360e06b271ab0f8ec",
        "sha256_in_prefix": "c7786807893ba8f448769529f6a0a63e77d9a7c9e7a5d32360e06b271ab0f8ec",
        "size_in_bytes": 1616
      },
      {
        "_path": "site-packages/LunarCalendar-0.0.9.dist-info/WHEEL",
        "path_type": "hardlink",
        "sha256": "09b51d2d3a83dfee3359e99ff37ae047fdbf302e13797c3da97c2b5ed7b9c38c",
        "sha256_in_prefix": "09b51d2d3a83dfee3359e99ff37ae047fdbf302e13797c3da97c2b5ed7b9c38c",
        "size_in_bytes": 92
      },
      {
        "_path": "site-packages/LunarCalendar-0.0.9.dist-info/entry_points.txt",
        "path_type": "hardlink",
        "sha256": "da9b1f0602cf92fef72598afb67f5f9d3ec29b99d8ad05620dc56cc106a2410e",
        "sha256_in_prefix": "da9b1f0602cf92fef72598afb67f5f9d3ec29b99d8ad05620dc56cc106a2410e",
        "size_in_bytes": 59
      },
      {
        "_path": "site-packages/LunarCalendar-0.0.9.dist-info/top_level.txt",
        "path_type": "hardlink",
        "sha256": "e13d10514cedd3587ff9fe043379bd107a8c3ab00ea7d27dc0fd16d82d18f02b",
        "sha256_in_prefix": "e13d10514cedd3587ff9fe043379bd107a8c3ab00ea7d27dc0fd16d82d18f02b",
        "size_in_bytes": 14
      },
      {
        "_path": "site-packages/lunarcalendar/__init__.py",
        "path_type": "hardlink",
        "sha256": "c3ae8736628404d7807ef6c47cc07d105e185fd64238b052af27afabd8046d59",
        "sha256_in_prefix": "c3ae8736628404d7807ef6c47cc07d105e185fd64238b052af27afabd8046d59",
        "size_in_bytes": 259
      },
      {
        "_path": "site-packages/lunarcalendar/_calc.py",
        "path_type": "hardlink",
        "sha256": "eb96f06a6034e6935b84eed4e1a7b883673649b0088a5dbb05375d1e41955b4c",
        "sha256_in_prefix": "eb96f06a6034e6935b84eed4e1a7b883673649b0088a5dbb05375d1e41955b4c",
        "size_in_bytes": 12293
      },
      {
        "_path": "site-packages/lunarcalendar/_compact.py",
        "path_type": "hardlink",
        "sha256": "fe81d65da09ca3bfbbf53c285109a90118ad1b7645354dcc95ef6f993284fefd",
        "sha256_in_prefix": "fe81d65da09ca3bfbbf53c285109a90118ad1b7645354dcc95ef6f993284fefd",
        "size_in_bytes": 627
      },
      {
        "_path": "site-packages/lunarcalendar/basefestival.py",
        "path_type": "hardlink",
        "sha256": "00b1d096584ff2c08bb4e3b53a5af7585bc13976c67248acbc5081ace4cbcb7a",
        "sha256_in_prefix": "00b1d096584ff2c08bb4e3b53a5af7585bc13976c67248acbc5081ace4cbcb7a",
        "size_in_bytes": 1545
      },
      {
        "_path": "site-packages/lunarcalendar/color.py",
        "path_type": "hardlink",
        "sha256": "1c7af28beccee2be9a5301936923212fdfe5ab34ec4e4de3352ec9fd1121c84e",
        "sha256_in_prefix": "1c7af28beccee2be9a5301936923212fdfe5ab34ec4e4de3352ec9fd1121c84e",
        "size_in_bytes": 469
      },
      {
        "_path": "site-packages/lunarcalendar/command.py",
        "path_type": "hardlink",
        "sha256": "4f4873c343398b21b8d29d5541706421945bf9ef492c798d90a681d3a1abcfde",
        "sha256_in_prefix": "4f4873c343398b21b8d29d5541706421945bf9ef492c798d90a681d3a1abcfde",
        "size_in_bytes": 4920
      },
      {
        "_path": "site-packages/lunarcalendar/converter.py",
        "path_type": "hardlink",
        "sha256": "57d577be99cc6b7dfdade310255e5793b2db39481487d61e072c6e3c6d94f93b",
        "sha256_in_prefix": "57d577be99cc6b7dfdade310255e5793b2db39481487d61e072c6e3c6d94f93b",
        "size_in_bytes": 11424
      },
      {
        "_path": "site-packages/lunarcalendar/festival.py",
        "path_type": "hardlink",
        "sha256": "49e21c91920b3b0b31d170e9a75f33a31c53b583b1f28a30e66e509370738beb",
        "sha256_in_prefix": "49e21c91920b3b0b31d170e9a75f33a31c53b583b1f28a30e66e509370738beb",
        "size_in_bytes": 7813
      },
      {
        "_path": "site-packages/lunarcalendar/solarterm.py",
        "path_type": "hardlink",
        "sha256": "6eb36c4629102ce1ab6599bcbf1e16a195bf92be92d52c520bbf3ed9e3e8b464",
        "sha256_in_prefix": "6eb36c4629102ce1ab6599bcbf1e16a195bf92be92d52c520bbf3ed9e3e8b464",
        "size_in_bytes": 3096
      },
      {
        "_path": "Lib/site-packages/lunarcalendar/__pycache__/__init__.cpython-37.pyc",
        "path_type": "pyc_file"
      },
      {
        "_path": "Lib/site-packages/lunarcalendar/__pycache__/_calc.cpython-37.pyc",
        "path_type": "pyc_file"
      },
      {
        "_path": "Lib/site-packages/lunarcalendar/__pycache__/_compact.cpython-37.pyc",
        "path_type": "pyc_file"
      },
      {
        "_path": "Lib/site-packages/lunarcalendar/__pycache__/basefestival.cpython-37.pyc",
        "path_type": "pyc_file"
      },
      {
        "_path": "Lib/site-packages/lunarcalendar/__pycache__/color.cpython-37.pyc",
        "path_type": "pyc_file"
      },
      {
        "_path": "Lib/site-packages/lunarcalendar/__pycache__/command.cpython-37.pyc",
        "path_type": "pyc_file"
      },
      {
        "_path": "Lib/site-packages/lunarcalendar/__pycache__/converter.cpython-37.pyc",
        "path_type": "pyc_file"
      },
      {
        "_path": "Lib/site-packages/lunarcalendar/__pycache__/festival.cpython-37.pyc",
        "path_type": "pyc_file"
      },
      {
        "_path": "Lib/site-packages/lunarcalendar/__pycache__/solarterm.cpython-37.pyc",
        "path_type": "pyc_file"
      },
      {
        "_path": "Scripts/lunar-find-script.py",
        "path_type": "windows_python_entry_point_script"
      },
      {
        "_path": "Scripts/lunar-find.exe",
        "path_type": "windows_python_entry_point_exe"
      }
    ],
    "paths_version": 1
  },
  "requested_spec": "None",
  "sha256": "b28d513671c7390465dbad4f54fe9ce2c2f426d29789504a1e7bd9f232ad4301",
  "size": 20021,
  "subdir": "noarch",
  "timestamp": 1582176220076,
  "track_features": "",
  "url": "https://conda.anaconda.org/conda-forge/noarch/lunarcalendar-0.0.9-py_0.tar.bz2",
  "version": "0.0.9"
}