{
  "build": "5",
  "build_number": 5,
  "channel": "https://repo.anaconda.com/pkgs/msys2/win-64",
  "constrains": [],
  "depends": [
    "m2w64-libiconv",
    "m2w64-zlib",
    "msys2-conda-epoch >=20160418"
  ],
  "extracted_package_dir": "C:\\Users\\abenav.sankar\\Anaconda3\\pkgs\\m2w64-binutils-2.25.1-5",
  "features": "",
  "files": [
    "Library/mingw-w64/bin/addr2line.exe",
    "Library/mingw-w64/bin/ar.exe",
    "Library/mingw-w64/bin/as.exe",
    "Library/mingw-w64/bin/c++filt.exe",
    "Library/mingw-w64/bin/dlltool.exe",
    "Library/mingw-w64/bin/dllwrap.exe",
    "Library/mingw-w64/bin/dwp.exe",
    "Library/mingw-w64/bin/elfedit.exe",
    "Library/mingw-w64/bin/gprof.exe",
    "Library/mingw-w64/bin/ld.bfd.exe",
    "Library/mingw-w64/bin/ld.exe",
    "Library/mingw-w64/bin/ld.gold.exe",
    "Library/mingw-w64/bin/nm.exe",
    "Library/mingw-w64/bin/objcopy.exe",
    "Library/mingw-w64/bin/objdump.exe",
    "Library/mingw-w64/bin/ranlib.exe",
    "Library/mingw-w64/bin/readelf.exe",
    "Library/mingw-w64/bin/size.exe",
    "Library/mingw-w64/bin/strings.exe",
    "Library/mingw-w64/bin/strip.exe",
    "Library/mingw-w64/bin/windmc.exe",
    "Library/mingw-w64/bin/windres.exe",
    "Library/mingw-w64/include/binutils/ansidecl.h",
    "Library/mingw-w64/include/binutils/bfd.h",
    "Library/mingw-w64/include/binutils/bfdlink.h",
    "Library/mingw-w64/include/binutils/dis-asm.h",
    "Library/mingw-w64/include/binutils/plugin-api.h",
    "Library/mingw-w64/include/binutils/symcat.h",
    "Library/mingw-w64/include/libiberty/ansidecl.h",
    "Library/mingw-w64/include/libiberty/demangle.h",
    "Library/mingw-w64/include/libiberty/dyn-string.h",
    "Library/mingw-w64/include/libiberty/fibheap.h",
    "Library/mingw-w64/include/libiberty/floatformat.h",
    "Library/mingw-w64/include/libiberty/hashtab.h",
    "Library/mingw-w64/include/libiberty/libiberty.h",
    "Library/mingw-w64/include/libiberty/objalloc.h",
    "Library/mingw-w64/include/libiberty/partition.h",
    "Library/mingw-w64/include/libiberty/safe-ctype.h",
    "Library/mingw-w64/include/libiberty/sort.h",
    "Library/mingw-w64/include/libiberty/splay-tree.h",
    "Library/mingw-w64/include/libiberty/timeval-utils.h",
    "Library/mingw-w64/lib/binutils/libbfd.a",
    "Library/mingw-w64/lib/binutils/libiberty.a",
    "Library/mingw-w64/lib/binutils/libopcodes.a",
    "Library/mingw-w64/share/info/as.info.gz",
    "Library/mingw-w64/share/info/bfd.info.gz",
    "Library/mingw-w64/share/info/binutils.info.gz",
    "Library/mingw-w64/share/info/gprof.info.gz",
    "Library/mingw-w64/share/info/ld.info.gz",
    "Library/mingw-w64/share/locale/bg/LC_MESSAGES/binutils.mo",
    "Library/mingw-w64/share/locale/bg/LC_MESSAGES/gprof.mo",
    "Library/mingw-w64/share/locale/bg/LC_MESSAGES/ld.mo",
    "Library/mingw-w64/share/locale/da/LC_MESSAGES/binutils.mo",
    "Library/mingw-w64/share/locale/da/LC_MESSAGES/gprof.mo",
    "Library/mingw-w64/share/locale/da/LC_MESSAGES/ld.mo",
    "Library/mingw-w64/share/locale/de/LC_MESSAGES/gprof.mo",
    "Library/mingw-w64/share/locale/eo/LC_MESSAGES/gprof.mo",
    "Library/mingw-w64/share/locale/es/LC_MESSAGES/binutils.mo",
    "Library/mingw-w64/share/locale/es/LC_MESSAGES/gas.mo",
    "Library/mingw-w64/share/locale/es/LC_MESSAGES/gold.mo",
    "Library/mingw-w64/share/locale/es/LC_MESSAGES/gprof.mo",
    "Library/mingw-w64/share/locale/es/LC_MESSAGES/ld.mo",
    "Library/mingw-w64/share/locale/fi/LC_MESSAGES/binutils.mo",
    "Library/mingw-w64/share/locale/fi/LC_MESSAGES/gas.mo",
    "Library/mingw-w64/share/locale/fi/LC_MESSAGES/gold.mo",
    "Library/mingw-w64/share/locale/fi/LC_MESSAGES/gprof.mo",
    "Library/mingw-w64/share/locale/fi/LC_MESSAGES/ld.mo",
    "Library/mingw-w64/share/locale/fr/LC_MESSAGES/binutils.mo",
    "Library/mingw-w64/share/locale/fr/LC_MESSAGES/gas.mo",
    "Library/mingw-w64/share/locale/fr/LC_MESSAGES/gprof.mo",
    "Library/mingw-w64/share/locale/fr/LC_MESSAGES/ld.mo",
    "Library/mingw-w64/share/locale/ga/LC_MESSAGES/gprof.mo",
    "Library/mingw-w64/share/locale/ga/LC_MESSAGES/ld.mo",
    "Library/mingw-w64/share/locale/hr/LC_MESSAGES/binutils.mo",
    "Library/mingw-w64/share/locale/hu/LC_MESSAGES/gprof.mo",
    "Library/mingw-w64/share/locale/id/LC_MESSAGES/binutils.mo",
    "Library/mingw-w64/share/locale/id/LC_MESSAGES/gas.mo",
    "Library/mingw-w64/share/locale/id/LC_MESSAGES/gold.mo",
    "Library/mingw-w64/share/locale/id/LC_MESSAGES/gprof.mo",
    "Library/mingw-w64/share/locale/id/LC_MESSAGES/ld.mo",
    "Library/mingw-w64/share/locale/it/LC_MESSAGES/binutils.mo",
    "Library/mingw-w64/share/locale/it/LC_MESSAGES/gold.mo",
    "Library/mingw-w64/share/locale/it/LC_MESSAGES/gprof.mo",
    "Library/mingw-w64/share/locale/it/LC_MESSAGES/ld.mo",
    "Library/mingw-w64/share/locale/ja/LC_MESSAGES/binutils.mo",
    "Library/mingw-w64/share/locale/ja/LC_MESSAGES/gas.mo",
    "Library/mingw-w64/share/locale/ja/LC_MESSAGES/gprof.mo",
    "Library/mingw-w64/share/locale/ja/LC_MESSAGES/ld.mo",
    "Library/mingw-w64/share/locale/ms/LC_MESSAGES/gprof.mo",
    "Library/mingw-w64/share/locale/nl/LC_MESSAGES/gprof.mo",
    "Library/mingw-w64/share/locale/pt_BR/LC_MESSAGES/gprof.mo",
    "Library/mingw-w64/share/locale/ro/LC_MESSAGES/binutils.mo",
    "Library/mingw-w64/share/locale/ro/LC_MESSAGES/gprof.mo",
    "Library/mingw-w64/share/locale/ru/LC_MESSAGES/binutils.mo",
    "Library/mingw-w64/share/locale/ru/LC_MESSAGES/gas.mo",
    "Library/mingw-w64/share/locale/ru/LC_MESSAGES/gprof.mo",
    "Library/mingw-w64/share/locale/rw/LC_MESSAGES/binutils.mo",
    "Library/mingw-w64/share/locale/rw/LC_MESSAGES/gas.mo",
    "Library/mingw-w64/share/locale/rw/LC_MESSAGES/gprof.mo",
    "Library/mingw-w64/share/locale/sk/LC_MESSAGES/binutils.mo",
    "Library/mingw-w64/share/locale/sr/LC_MESSAGES/binutils.mo",
    "Library/mingw-w64/share/locale/sr/LC_MESSAGES/gprof.mo",
    "Library/mingw-w64/share/locale/sv/LC_MESSAGES/binutils.mo",
    "Library/mingw-w64/share/locale/sv/LC_MESSAGES/gprof.mo",
    "Library/mingw-w64/share/locale/sv/LC_MESSAGES/ld.mo",
    "Library/mingw-w64/share/locale/tr/LC_MESSAGES/binutils.mo",
    "Library/mingw-w64/share/locale/tr/LC_MESSAGES/gas.mo",
    "Library/mingw-w64/share/locale/tr/LC_MESSAGES/gprof.mo",
    "Library/mingw-w64/share/locale/tr/LC_MESSAGES/ld.mo",
    "Library/mingw-w64/share/locale/uk/LC_MESSAGES/binutils.mo",
    "Library/mingw-w64/share/locale/uk/LC_MESSAGES/gas.mo",
    "Library/mingw-w64/share/locale/uk/LC_MESSAGES/gprof.mo",
    "Library/mingw-w64/share/locale/uk/LC_MESSAGES/ld.mo",
    "Library/mingw-w64/share/locale/vi/LC_MESSAGES/binutils.mo",
    "Library/mingw-w64/share/locale/vi/LC_MESSAGES/gold.mo",
    "Library/mingw-w64/share/locale/vi/LC_MESSAGES/gprof.mo",
    "Library/mingw-w64/share/locale/vi/LC_MESSAGES/ld.mo",
    "Library/mingw-w64/share/locale/zh_CN/LC_MESSAGES/binutils.mo",
    "Library/mingw-w64/share/locale/zh_CN/LC_MESSAGES/ld.mo",
    "Library/mingw-w64/share/locale/zh_TW/LC_MESSAGES/binutils.mo",
    "Library/mingw-w64/share/locale/zh_TW/LC_MESSAGES/ld.mo",
    "Library/mingw-w64/share/man/man1/addr2line.1.gz",
    "Library/mingw-w64/share/man/man1/ar.1.gz",
    "Library/mingw-w64/share/man/man1/as.1.gz",
    "Library/mingw-w64/share/man/man1/c++filt.1.gz",
    "Library/mingw-w64/share/man/man1/dlltool.1.gz",
    "Library/mingw-w64/share/man/man1/elfedit.1.gz",
    "Library/mingw-w64/share/man/man1/gprof.1.gz",
    "Library/mingw-w64/share/man/man1/ld.1.gz",
    "Library/mingw-w64/share/man/man1/nlmconv.1.gz",
    "Library/mingw-w64/share/man/man1/nm.1.gz",
    "Library/mingw-w64/share/man/man1/objcopy.1.gz",
    "Library/mingw-w64/share/man/man1/objdump.1.gz",
    "Library/mingw-w64/share/man/man1/ranlib.1.gz",
    "Library/mingw-w64/share/man/man1/readelf.1.gz",
    "Library/mingw-w64/share/man/man1/size.1.gz",
    "Library/mingw-w64/share/man/man1/strings.1.gz",
    "Library/mingw-w64/share/man/man1/strip.1.gz",
    "Library/mingw-w64/share/man/man1/windmc.1.gz",
    "Library/mingw-w64/share/man/man1/windres.1.gz",
    "Library/mingw-w64/x86_64-w64-mingw32/bin/ar.exe",
    "Library/mingw-w64/x86_64-w64-mingw32/bin/as.exe",
    "Library/mingw-w64/x86_64-w64-mingw32/bin/dlltool.exe",
    "Library/mingw-w64/x86_64-w64-mingw32/bin/ld.bfd.exe",
    "Library/mingw-w64/x86_64-w64-mingw32/bin/ld.exe",
    "Library/mingw-w64/x86_64-w64-mingw32/bin/ld.gold.exe",
    "Library/mingw-w64/x86_64-w64-mingw32/bin/nm.exe",
    "Library/mingw-w64/x86_64-w64-mingw32/bin/objcopy.exe",
    "Library/mingw-w64/x86_64-w64-mingw32/bin/objdump.exe",
    "Library/mingw-w64/x86_64-w64-mingw32/bin/ranlib.exe",
    "Library/mingw-w64/x86_64-w64-mingw32/bin/strip.exe",
    "Library/mingw-w64/x86_64-w64-mingw32/include/ansidecl.h",
    "Library/mingw-w64/x86_64-w64-mingw32/lib/ldscripts/i386pe.x",
    "Library/mingw-w64/x86_64-w64-mingw32/lib/ldscripts/i386pe.xa",
    "Library/mingw-w64/x86_64-w64-mingw32/lib/ldscripts/i386pe.xbn",
    "Library/mingw-w64/x86_64-w64-mingw32/lib/ldscripts/i386pe.xn",
    "Library/mingw-w64/x86_64-w64-mingw32/lib/ldscripts/i386pe.xr",
    "Library/mingw-w64/x86_64-w64-mingw32/lib/ldscripts/i386pe.xu",
    "Library/mingw-w64/x86_64-w64-mingw32/lib/ldscripts/i386pep.x",
    "Library/mingw-w64/x86_64-w64-mingw32/lib/ldscripts/i386pep.xa",
    "Library/mingw-w64/x86_64-w64-mingw32/lib/ldscripts/i386pep.xbn",
    "Library/mingw-w64/x86_64-w64-mingw32/lib/ldscripts/i386pep.xn",
    "Library/mingw-w64/x86_64-w64-mingw32/lib/ldscripts/i386pep.xr",
    "Library/mingw-w64/x86_64-w64-mingw32/lib/ldscripts/i386pep.xu",
    ".nonadmin"
  ],
  "fn": "m2w64-binutils-2.25.1-5.tar.bz2",
  "license": "GPL",
  "link": {
    "source": "C:\\Users\\abenav.sankar\\Anaconda3\\pkgs\\m2w64-binutils-2.25.1-5",
    "type": 1
  },
  "md5": "f2b61e7d99d4d561ea0637b2e005c664",
  "name": "m2w64-binutils",
  "package_tarball_full_path": "C:\\Users\\abenav.sankar\\Anaconda3\\pkgs\\m2w64-binutils-2.25.1-5.tar.bz2",
  "paths_data": {
    "paths": [
      {
        "_path": "Library/mingw-w64/bin/addr2line.exe",
        "path_type": "hardlink",
        "sha256": "9f21a3588d60ec249768abf18195f65ada55454f4a01bfbf813dc58100116ba1",
        "sha256_in_prefix": "9f21a3588d60ec249768abf18195f65ada55454f4a01bfbf813dc58100116ba1",
        "size_in_bytes": 2092240
      },
      {
        "_path": "Library/mingw-w64/bin/ar.exe",
        "path_type": "hardlink",
        "sha256": "9f1411f544aff72ed6c11b957d653448ceb3407d6ec5e6cf6ddc820e5b4b74ca",
        "sha256_in_prefix": "9f1411f544aff72ed6c11b957d653448ceb3407d6ec5e6cf6ddc820e5b4b74ca",
        "size_in_bytes": 2118511
      },
      {
        "_path": "Library/mingw-w64/bin/as.exe",
        "path_type": "hardlink",
        "sha256": "7652173dfbe07c47b83713162e0d34f3e81ce4c2ae39a09419a6f8f09a3a4be9",
        "sha256_in_prefix": "7652173dfbe07c47b83713162e0d34f3e81ce4c2ae39a09419a6f8f09a3a4be9",
        "size_in_bytes": 2873342
      },
      {
        "_path": "Library/mingw-w64/bin/c++filt.exe",
        "path_type": "hardlink",
        "sha256": "458815d9e5a09bb04304f68e4c729b5a1e67731df1f4d49815c20c6a859d6bfd",
        "sha256_in_prefix": "458815d9e5a09bb04304f68e4c729b5a1e67731df1f4d49815c20c6a859d6bfd",
        "size_in_bytes": 2086488
      },
      {
        "_path": "Library/mingw-w64/bin/dlltool.exe",
        "path_type": "hardlink",
        "sha256": "bb22d5b8a7abf1965c5bed427075ce099f1df5161b9829f414a22bc739ddafa6",
        "sha256_in_prefix": "bb22d5b8a7abf1965c5bed427075ce099f1df5161b9829f414a22bc739ddafa6",
        "size_in_bytes": 2150581
      },
      {
        "_path": "Library/mingw-w64/bin/dllwrap.exe",
        "path_type": "hardlink",
        "sha256": "3be1c4b9a6a0c39822528427ac615e6c38fa09c62a4142a1a0b8a2e8860ddad8",
        "sha256_in_prefix": "3be1c4b9a6a0c39822528427ac615e6c38fa09c62a4142a1a0b8a2e8860ddad8",
        "size_in_bytes": 1171161
      },
      {
        "_path": "Library/mingw-w64/bin/dwp.exe",
        "path_type": "hardlink",
        "sha256": "8a6d07a790b7d0a85ff206ec04783da2483a52fd7bbc05b9ed36d6d23f8f6fe6",
        "sha256_in_prefix": "8a6d07a790b7d0a85ff206ec04783da2483a52fd7bbc05b9ed36d6d23f8f6fe6",
        "size_in_bytes": 4186344
      },
      {
        "_path": "Library/mingw-w64/bin/elfedit.exe",
        "path_type": "hardlink",
        "sha256": "0897ccea66faa61f39348fe6f4a44e53cc7fe45ea0edca3a86a812ca47572dbb",
        "sha256_in_prefix": "0897ccea66faa61f39348fe6f4a44e53cc7fe45ea0edca3a86a812ca47572dbb",
        "size_in_bytes": 1158179
      },
      {
        "_path": "Library/mingw-w64/bin/gprof.exe",
        "path_type": "hardlink",
        "sha256": "24bb674b0c9b148419130d6566421db2a99777cfefd8ba95f19ec8eea993e89a",
        "sha256_in_prefix": "24bb674b0c9b148419130d6566421db2a99777cfefd8ba95f19ec8eea993e89a",
        "size_in_bytes": 2158960
      },
      {
        "_path": "Library/mingw-w64/bin/ld.bfd.exe",
        "path_type": "hardlink",
        "sha256": "65403b56421ed470dafb59617cbaacf095b6ad42bba90a301810029667e29095",
        "sha256_in_prefix": "65403b56421ed470dafb59617cbaacf095b6ad42bba90a301810029667e29095",
        "size_in_bytes": 2510316
      },
      {
        "_path": "Library/mingw-w64/bin/ld.exe",
        "path_type": "hardlink",
        "sha256": "a2c084130273633408eb6ea22555a759bf6c7bd351db1c2df350618a66d10c04",
        "sha256_in_prefix": "a2c084130273633408eb6ea22555a759bf6c7bd351db1c2df350618a66d10c04",
        "size_in_bytes": 2510316
      },
      {
        "_path": "Library/mingw-w64/bin/ld.gold.exe",
        "path_type": "hardlink",
        "sha256": "edf6d5a699b6ac94db88694c136a1ee2ef9b952b4c122e881aaf43d923e95a71",
        "sha256_in_prefix": "edf6d5a699b6ac94db88694c136a1ee2ef9b952b4c122e881aaf43d923e95a71",
        "size_in_bytes": 5831912
      },
      {
        "_path": "Library/mingw-w64/bin/nm.exe",
        "path_type": "hardlink",
        "sha256": "9377778ec85973d0fb06c0d0b3474dcca4b5a8c225b85fa2f0479e16f4ef7757",
        "sha256_in_prefix": "9377778ec85973d0fb06c0d0b3474dcca4b5a8c225b85fa2f0479e16f4ef7757",
        "size_in_bytes": 2102512
      },
      {
        "_path": "Library/mingw-w64/bin/objcopy.exe",
        "path_type": "hardlink",
        "sha256": "fe3641ecba7289911fc880fc656762a85f96c68b24ec1fc609eea9573a41a080",
        "sha256_in_prefix": "fe3641ecba7289911fc880fc656762a85f96c68b24ec1fc609eea9573a41a080",
        "size_in_bytes": 2262378
      },
      {
        "_path": "Library/mingw-w64/bin/objdump.exe",
        "path_type": "hardlink",
        "sha256": "53d0e87471752bee80ba3ed0e0aeebba2cc9566da3159293e4347a8cab1aa015",
        "sha256_in_prefix": "53d0e87471752bee80ba3ed0e0aeebba2cc9566da3159293e4347a8cab1aa015",
        "size_in_bytes": 3204456
      },
      {
        "_path": "Library/mingw-w64/bin/ranlib.exe",
        "path_type": "hardlink",
        "sha256": "9ea62321b6a8157cd3b01ecc41d9ee0d19642791acf85d7e5bbcf19ed1995bad",
        "sha256_in_prefix": "9ea62321b6a8157cd3b01ecc41d9ee0d19642791acf85d7e5bbcf19ed1995bad",
        "size_in_bytes": 2118511
      },
      {
        "_path": "Library/mingw-w64/bin/readelf.exe",
        "path_type": "hardlink",
        "sha256": "2d41483d20d8d95735077159c5d72b001e93f1c957f44cda9ad043adb10e435a",
        "sha256_in_prefix": "2d41483d20d8d95735077159c5d72b001e93f1c957f44cda9ad043adb10e435a",
        "size_in_bytes": 1617967
      },
      {
        "_path": "Library/mingw-w64/bin/size.exe",
        "path_type": "hardlink",
        "sha256": "ed187d18b466cc1b7969a3b2b7b2a986479c8c24f37a48d1470a0a5265d1c986",
        "sha256_in_prefix": "ed187d18b466cc1b7969a3b2b7b2a986479c8c24f37a48d1470a0a5265d1c986",
        "size_in_bytes": 2092840
      },
      {
        "_path": "Library/mingw-w64/bin/strings.exe",
        "path_type": "hardlink",
        "sha256": "3f74300a907e3086e8b0c05a017c9038ffa1c6115870778685c0ac81223568ee",
        "sha256_in_prefix": "3f74300a907e3086e8b0c05a017c9038ffa1c6115870778685c0ac81223568ee",
        "size_in_bytes": 2092334
      },
      {
        "_path": "Library/mingw-w64/bin/strip.exe",
        "path_type": "hardlink",
        "sha256": "3c1c5e88635294197e3bf68ca69313f3ebc3a33accf6e4d46e3207d59a308b28",
        "sha256_in_prefix": "3c1c5e88635294197e3bf68ca69313f3ebc3a33accf6e4d46e3207d59a308b28",
        "size_in_bytes": 2262378
      },
      {
        "_path": "Library/mingw-w64/bin/windmc.exe",
        "path_type": "hardlink",
        "sha256": "b0ffbb3fe9dae69c82e182459cbbf1516c284f446a9eae21b1cc7270b03acfc4",
        "sha256_in_prefix": "b0ffbb3fe9dae69c82e182459cbbf1516c284f446a9eae21b1cc7270b03acfc4",
        "size_in_bytes": 2114808
      },
      {
        "_path": "Library/mingw-w64/bin/windres.exe",
        "path_type": "hardlink",
        "sha256": "0fc83c4929c8ee25fa2b8be89f606383088567962ef57098d7378b1c83a8b4d6",
        "sha256_in_prefix": "0fc83c4929c8ee25fa2b8be89f606383088567962ef57098d7378b1c83a8b4d6",
        "size_in_bytes": 2203925
      },
      {
        "_path": "Library/mingw-w64/include/binutils/ansidecl.h",
        "path_type": "hardlink",
        "sha256": "6fa7b566687fd30c9cf4c33d4e2de87f42d49af661d9c47cec02c87adc57eec5",
        "sha256_in_prefix": "6fa7b566687fd30c9cf4c33d4e2de87f42d49af661d9c47cec02c87adc57eec5",
        "size_in_bytes": 10558
      },
      {
        "_path": "Library/mingw-w64/include/binutils/bfd.h",
        "path_type": "hardlink",
        "sha256": "99c4f5f80433fec99239256bdaf8056f90496b4674c8bf2ab7b9c588a5783a32",
        "sha256_in_prefix": "99c4f5f80433fec99239256bdaf8056f90496b4674c8bf2ab7b9c588a5783a32",
        "size_in_bytes": 242181
      },
      {
        "_path": "Library/mingw-w64/include/binutils/bfdlink.h",
        "path_type": "hardlink",
        "sha256": "65c45ac08116ceaf4cde69d4bc5764b3071332cd1af7440e19fd5186d067420c",
        "sha256_in_prefix": "65c45ac08116ceaf4cde69d4bc5764b3071332cd1af7440e19fd5186d067420c",
        "size_in_bytes": 31991
      },
      {
        "_path": "Library/mingw-w64/include/binutils/dis-asm.h",
        "path_type": "hardlink",
        "sha256": "a64a2943bfc9ab7e362e4c53d099bad93d8c694034d8044d01758563256f7d52",
        "sha256_in_prefix": "a64a2943bfc9ab7e362e4c53d099bad93d8c694034d8044d01758563256f7d52",
        "size_in_bytes": 17509
      },
      {
        "_path": "Library/mingw-w64/include/binutils/plugin-api.h",
        "path_type": "hardlink",
        "sha256": "1fe31ce7a86e71a667d697b939f3c18056f71212edbe321c9a574bd4114b94ae",
        "sha256_in_prefix": "1fe31ce7a86e71a667d697b939f3c18056f71212edbe321c9a574bd4114b94ae",
        "size_in_bytes": 12892
      },
      {
        "_path": "Library/mingw-w64/include/binutils/symcat.h",
        "path_type": "hardlink",
        "sha256": "66260ae3189be7b499364e60f1c79068eaf334fa8401e85943d831e53e288011",
        "sha256_in_prefix": "66260ae3189be7b499364e60f1c79068eaf334fa8401e85943d831e53e288011",
        "size_in_bytes": 2198
      },
      {
        "_path": "Library/mingw-w64/include/libiberty/ansidecl.h",
        "path_type": "hardlink",
        "sha256": "6fa7b566687fd30c9cf4c33d4e2de87f42d49af661d9c47cec02c87adc57eec5",
        "sha256_in_prefix": "6fa7b566687fd30c9cf4c33d4e2de87f42d49af661d9c47cec02c87adc57eec5",
        "size_in_bytes": 10558
      },
      {
        "_path": "Library/mingw-w64/include/libiberty/demangle.h",
        "path_type": "hardlink",
        "sha256": "95629f242e2d98e290edfbae892535277bdb1329053b3e02cb2735228e88c6f9",
        "sha256_in_prefix": "95629f242e2d98e290edfbae892535277bdb1329053b3e02cb2735228e88c6f9",
        "size_in_bytes": 27076
      },
      {
        "_path": "Library/mingw-w64/include/libiberty/dyn-string.h",
        "path_type": "hardlink",
        "sha256": "7efcfdb2c1cf04a4f38025044f09038c1b0f5a770e9bb91d6324c57cafa12bfd",
        "sha256_in_prefix": "7efcfdb2c1cf04a4f38025044f09038c1b0f5a770e9bb91d6324c57cafa12bfd",
        "size_in_bytes": 2740
      },
      {
        "_path": "Library/mingw-w64/include/libiberty/fibheap.h",
        "path_type": "hardlink",
        "sha256": "79ecb36d869702cb21e657df3c1ad3f0bac29f20d5a2af452248c176b9adde8b",
        "sha256_in_prefix": "79ecb36d869702cb21e657df3c1ad3f0bac29f20d5a2af452248c176b9adde8b",
        "size_in_bytes": 2979
      },
      {
        "_path": "Library/mingw-w64/include/libiberty/floatformat.h",
        "path_type": "hardlink",
        "sha256": "61d5d4b8d9e4f4de51516f7b7cdd43d90ec07ccc1bb5561d874eff9a0c2358ee",
        "sha256_in_prefix": "61d5d4b8d9e4f4de51516f7b7cdd43d90ec07ccc1bb5561d874eff9a0c2358ee",
        "size_in_bytes": 5857
      },
      {
        "_path": "Library/mingw-w64/include/libiberty/hashtab.h",
        "path_type": "hardlink",
        "sha256": "51828f964d9991cf7c40e6a4863096ddd9eae29aa89e4c114ef928a1826b336c",
        "sha256_in_prefix": "51828f964d9991cf7c40e6a4863096ddd9eae29aa89e4c114ef928a1826b336c",
        "size_in_bytes": 7405
      },
      {
        "_path": "Library/mingw-w64/include/libiberty/libiberty.h",
        "path_type": "hardlink",
        "sha256": "04b0c58e9abc25033f723302de6735d812594a0a3526bc2cce8b6d31618dbae1",
        "sha256_in_prefix": "04b0c58e9abc25033f723302de6735d812594a0a3526bc2cce8b6d31618dbae1",
        "size_in_bytes": 25381
      },
      {
        "_path": "Library/mingw-w64/include/libiberty/objalloc.h",
        "path_type": "hardlink",
        "sha256": "4d43d34fe6c3cf7255911d6dd36021f78519531f9c5fb5dd949b3d984ad44f8b",
        "sha256_in_prefix": "4d43d34fe6c3cf7255911d6dd36021f78519531f9c5fb5dd949b3d984ad44f8b",
        "size_in_bytes": 3972
      },
      {
        "_path": "Library/mingw-w64/include/libiberty/partition.h",
        "path_type": "hardlink",
        "sha256": "48e897580f935514d6e3abc5f3e28b005be3e5ec5fea8ab894ce52e3624d6c11",
        "sha256_in_prefix": "48e897580f935514d6e3abc5f3e28b005be3e5ec5fea8ab894ce52e3624d6c11",
        "size_in_bytes": 2831
      },
      {
        "_path": "Library/mingw-w64/include/libiberty/safe-ctype.h",
        "path_type": "hardlink",
        "sha256": "fa4d3b99d99bde77b1bffcf116d8c117330ea05026fef75e227d9ad6cde9b406",
        "sha256_in_prefix": "fa4d3b99d99bde77b1bffcf116d8c117330ea05026fef75e227d9ad6cde9b406",
        "size_in_bytes": 5643
      },
      {
        "_path": "Library/mingw-w64/include/libiberty/sort.h",
        "path_type": "hardlink",
        "sha256": "643f29d33ad0746560e86cdffdba627e0f602da60e1899449c1d716bfb5d64d9",
        "sha256_in_prefix": "643f29d33ad0746560e86cdffdba627e0f602da60e1899449c1d716bfb5d64d9",
        "size_in_bytes": 1210
      },
      {
        "_path": "Library/mingw-w64/include/libiberty/splay-tree.h",
        "path_type": "hardlink",
        "sha256": "f1488ae9ccdb768e49a26a127eafaa99bb09b2f890864114d7fb02bb17ca11c8",
        "sha256_in_prefix": "f1488ae9ccdb768e49a26a127eafaa99bb09b2f890864114d7fb02bb17ca11c8",
        "size_in_bytes": 5729
      },
      {
        "_path": "Library/mingw-w64/include/libiberty/timeval-utils.h",
        "path_type": "hardlink",
        "sha256": "916bd443485a1d34dc701aee80e3c3c11ea0bb326d84e4f2a507151ce7c804d8",
        "sha256_in_prefix": "916bd443485a1d34dc701aee80e3c3c11ea0bb326d84e4f2a507151ce7c804d8",
        "size_in_bytes": 1291
      },
      {
        "_path": "Library/mingw-w64/lib/binutils/libbfd.a",
        "path_type": "hardlink",
        "sha256": "89a0de2e4f7f10b2a6845a1d31183b5bed87c089bf713473b0445296e9fd8196",
        "sha256_in_prefix": "89a0de2e4f7f10b2a6845a1d31183b5bed87c089bf713473b0445296e9fd8196",
        "size_in_bytes": 1244160
      },
      {
        "_path": "Library/mingw-w64/lib/binutils/libiberty.a",
        "path_type": "hardlink",
        "sha256": "251e584f74b0e22374a91089b3531cda42f3f536bc83738d9747efab08ea41a6",
        "sha256_in_prefix": "251e584f74b0e22374a91089b3531cda42f3f536bc83738d9747efab08ea41a6",
        "size_in_bytes": 392546
      },
      {
        "_path": "Library/mingw-w64/lib/binutils/libopcodes.a",
        "path_type": "hardlink",
        "sha256": "43fb0ae0a7518fa3df368b876149df9f082db74b5d7b4433a32e2ce0ac570120",
        "sha256_in_prefix": "43fb0ae0a7518fa3df368b876149df9f082db74b5d7b4433a32e2ce0ac570120",
        "size_in_bytes": 1465770
      },
      {
        "_path": "Library/mingw-w64/share/info/as.info.gz",
        "path_type": "hardlink",
        "sha256": "bd9f963009cbb713652ecd5992248b6241f73400ad9604579fa3a0bb93be9b29",
        "sha256_in_prefix": "bd9f963009cbb713652ecd5992248b6241f73400ad9604579fa3a0bb93be9b29",
        "size_in_bytes": 261008
      },
      {
        "_path": "Library/mingw-w64/share/info/bfd.info.gz",
        "path_type": "hardlink",
        "sha256": "46d6442d97bbcc6c579f5bfc9c77d6d9863bf475944af3fc160b12d27d09da63",
        "sha256_in_prefix": "46d6442d97bbcc6c579f5bfc9c77d6d9863bf475944af3fc160b12d27d09da63",
        "size_in_bytes": 122880
      },
      {
        "_path": "Library/mingw-w64/share/info/binutils.info.gz",
        "path_type": "hardlink",
        "sha256": "3f6bbeb98de2a33e38f23ee53633178788d8365ffe364d928633487e7d59ec37",
        "sha256_in_prefix": "3f6bbeb98de2a33e38f23ee53633178788d8365ffe364d928633487e7d59ec37",
        "size_in_bytes": 57280
      },
      {
        "_path": "Library/mingw-w64/share/info/gprof.info.gz",
        "path_type": "hardlink",
        "sha256": "a075d2714d6e442f9d6823bb9d7f32c15c721cfeaa68d595c3371c96c2f40784",
        "sha256_in_prefix": "a075d2714d6e442f9d6823bb9d7f32c15c721cfeaa68d595c3371c96c2f40784",
        "size_in_bytes": 34124
      },
      {
        "_path": "Library/mingw-w64/share/info/ld.info.gz",
        "path_type": "hardlink",
        "sha256": "40a23851eba0aa7c8cd20b167cbec43cb592e069e45631ce5016cab0082dc6c3",
        "sha256_in_prefix": "40a23851eba0aa7c8cd20b167cbec43cb592e069e45631ce5016cab0082dc6c3",
        "size_in_bytes": 105147
      },
      {
        "_path": "Library/mingw-w64/share/locale/bg/LC_MESSAGES/binutils.mo",
        "path_type": "hardlink",
        "sha256": "a14436f4d3cc5eaa4dac2402d1b854eb0d31accc6538bcd7ba66edb5acf41c2b",
        "sha256_in_prefix": "a14436f4d3cc5eaa4dac2402d1b854eb0d31accc6538bcd7ba66edb5acf41c2b",
        "size_in_bytes": 113540
      },
      {
        "_path": "Library/mingw-w64/share/locale/bg/LC_MESSAGES/gprof.mo",
        "path_type": "hardlink",
        "sha256": "acbbb257431c5a0248baa8cfad8a4c29c39f85a5cd98f3fc17f20d17bdc7f1d9",
        "sha256_in_prefix": "acbbb257431c5a0248baa8cfad8a4c29c39f85a5cd98f3fc17f20d17bdc7f1d9",
        "size_in_bytes": 12825
      },
      {
        "_path": "Library/mingw-w64/share/locale/bg/LC_MESSAGES/ld.mo",
        "path_type": "hardlink",
        "sha256": "4fdc1c8b1942a666d07eb966a929e9da3ec1dc93cc005dfa0acca9efb97c96c3",
        "sha256_in_prefix": "4fdc1c8b1942a666d07eb966a929e9da3ec1dc93cc005dfa0acca9efb97c96c3",
        "size_in_bytes": 74041
      },
      {
        "_path": "Library/mingw-w64/share/locale/da/LC_MESSAGES/binutils.mo",
        "path_type": "hardlink",
        "sha256": "9b8b93e45f8010155360cfe8647269e7661f3f290bac82e17a727849e5a50460",
        "sha256_in_prefix": "9b8b93e45f8010155360cfe8647269e7661f3f290bac82e17a727849e5a50460",
        "size_in_bytes": 69960
      },
      {
        "_path": "Library/mingw-w64/share/locale/da/LC_MESSAGES/gprof.mo",
        "path_type": "hardlink",
        "sha256": "1eabf82d09ad6eed431ae51d6e7a825b886743b4ace7b49f0772f60ec3187480",
        "sha256_in_prefix": "1eabf82d09ad6eed431ae51d6e7a825b886743b4ace7b49f0772f60ec3187480",
        "size_in_bytes": 10329
      },
      {
        "_path": "Library/mingw-w64/share/locale/da/LC_MESSAGES/ld.mo",
        "path_type": "hardlink",
        "sha256": "d53c7828d29106895a536700160094ac0ebef39fffe49a6d079d4874b0e8067b",
        "sha256_in_prefix": "d53c7828d29106895a536700160094ac0ebef39fffe49a6d079d4874b0e8067b",
        "size_in_bytes": 34929
      },
      {
        "_path": "Library/mingw-w64/share/locale/de/LC_MESSAGES/gprof.mo",
        "path_type": "hardlink",
        "sha256": "ae76195b038611cce333a19be1fff09d9c20a00b98647ecbea17d5ab50e42b3d",
        "sha256_in_prefix": "ae76195b038611cce333a19be1fff09d9c20a00b98647ecbea17d5ab50e42b3d",
        "size_in_bytes": 10545
      },
      {
        "_path": "Library/mingw-w64/share/locale/eo/LC_MESSAGES/gprof.mo",
        "path_type": "hardlink",
        "sha256": "82ea589804626780e3b37a8831b72e12f9cf719b2b1cad03a4b1ea2d657e5fe4",
        "sha256_in_prefix": "82ea589804626780e3b37a8831b72e12f9cf719b2b1cad03a4b1ea2d657e5fe4",
        "size_in_bytes": 10469
      },
      {
        "_path": "Library/mingw-w64/share/locale/es/LC_MESSAGES/binutils.mo",
        "path_type": "hardlink",
        "sha256": "c8b76667d4d893f074708d355903115b863e787e2422b4295ba52f76b86f246e",
        "sha256_in_prefix": "c8b76667d4d893f074708d355903115b863e787e2422b4295ba52f76b86f246e",
        "size_in_bytes": 199631
      },
      {
        "_path": "Library/mingw-w64/share/locale/es/LC_MESSAGES/gas.mo",
        "path_type": "hardlink",
        "sha256": "db8d4cdcb62d28bf2fcc051731ed81801e0bd52992d9556ec01a44704dcee7ee",
        "sha256_in_prefix": "db8d4cdcb62d28bf2fcc051731ed81801e0bd52992d9556ec01a44704dcee7ee",
        "size_in_bytes": 438926
      },
      {
        "_path": "Library/mingw-w64/share/locale/es/LC_MESSAGES/gold.mo",
        "path_type": "hardlink",
        "sha256": "1c20a3d1249245039c68687848f59afde3f1fdf2dd7d753180eed7ecf23dc00b",
        "sha256_in_prefix": "1c20a3d1249245039c68687848f59afde3f1fdf2dd7d753180eed7ecf23dc00b",
        "size_in_bytes": 51373
      },
      {
        "_path": "Library/mingw-w64/share/locale/es/LC_MESSAGES/gprof.mo",
        "path_type": "hardlink",
        "sha256": "dff2c9b46b67724593e58ff2ac694f9918c99e847b621e1d886fd0bf223cd745",
        "sha256_in_prefix": "dff2c9b46b67724593e58ff2ac694f9918c99e847b621e1d886fd0bf223cd745",
        "size_in_bytes": 10865
      },
      {
        "_path": "Library/mingw-w64/share/locale/es/LC_MESSAGES/ld.mo",
        "path_type": "hardlink",
        "sha256": "60c0950049558ac13734b430c2f0a72a636bad9c1e34f75c64811d4eb422f718",
        "sha256_in_prefix": "60c0950049558ac13734b430c2f0a72a636bad9c1e34f75c64811d4eb422f718",
        "size_in_bytes": 58358
      },
      {
        "_path": "Library/mingw-w64/share/locale/fi/LC_MESSAGES/binutils.mo",
        "path_type": "hardlink",
        "sha256": "00cfe6e14547d69e6888cee408d7d7f67a5b654d25adaa0b52832b5b17346915",
        "sha256_in_prefix": "00cfe6e14547d69e6888cee408d7d7f67a5b654d25adaa0b52832b5b17346915",
        "size_in_bytes": 211009
      },
      {
        "_path": "Library/mingw-w64/share/locale/fi/LC_MESSAGES/gas.mo",
        "path_type": "hardlink",
        "sha256": "3a2f166bc29544c81e4083e832c05f9909b97c6649352d8fa094f82670e126e9",
        "sha256_in_prefix": "3a2f166bc29544c81e4083e832c05f9909b97c6649352d8fa094f82670e126e9",
        "size_in_bytes": 442741
      },
      {
        "_path": "Library/mingw-w64/share/locale/fi/LC_MESSAGES/gold.mo",
        "path_type": "hardlink",
        "sha256": "c54c1566752545ac5f8e42b8d674fc3362de338bf7e59a910f151061240ac795",
        "sha256_in_prefix": "c54c1566752545ac5f8e42b8d674fc3362de338bf7e59a910f151061240ac795",
        "size_in_bytes": 50651
      },
      {
        "_path": "Library/mingw-w64/share/locale/fi/LC_MESSAGES/gprof.mo",
        "path_type": "hardlink",
        "sha256": "5c872d1848d043b55355babd87225c8dad8c32afe27a9bbe5d0bd91a9009b424",
        "sha256_in_prefix": "5c872d1848d043b55355babd87225c8dad8c32afe27a9bbe5d0bd91a9009b424",
        "size_in_bytes": 11200
      },
      {
        "_path": "Library/mingw-w64/share/locale/fi/LC_MESSAGES/ld.mo",
        "path_type": "hardlink",
        "sha256": "2368c9700e01f3f570f66fc6c9e70a32bd5eea28b74cd8c527d30461e8740d05",
        "sha256_in_prefix": "2368c9700e01f3f570f66fc6c9e70a32bd5eea28b74cd8c527d30461e8740d05",
        "size_in_bytes": 57750
      },
      {
        "_path": "Library/mingw-w64/share/locale/fr/LC_MESSAGES/binutils.mo",
        "path_type": "hardlink",
        "sha256": "ead3be3694bef14d7926a5915b55eb484ef355e140c480d1d4bd73f310273e1c",
        "sha256_in_prefix": "ead3be3694bef14d7926a5915b55eb484ef355e140c480d1d4bd73f310273e1c",
        "size_in_bytes": 217397
      },
      {
        "_path": "Library/mingw-w64/share/locale/fr/LC_MESSAGES/gas.mo",
        "path_type": "hardlink",
        "sha256": "c60185848cdb4b8179ff58d5dcd89872da77ba0eea20ea98fd89fbd3ccf773d9",
        "sha256_in_prefix": "c60185848cdb4b8179ff58d5dcd89872da77ba0eea20ea98fd89fbd3ccf773d9",
        "size_in_bytes": 442390
      },
      {
        "_path": "Library/mingw-w64/share/locale/fr/LC_MESSAGES/gprof.mo",
        "path_type": "hardlink",
        "sha256": "0fa1d7406f6512544463cd37e57d3516a09d3e7bce80c6e8b4f2ba6200db9308",
        "sha256_in_prefix": "0fa1d7406f6512544463cd37e57d3516a09d3e7bce80c6e8b4f2ba6200db9308",
        "size_in_bytes": 11206
      },
      {
        "_path": "Library/mingw-w64/share/locale/fr/LC_MESSAGES/ld.mo",
        "path_type": "hardlink",
        "sha256": "87c3c0d3a4da1a3626681866586e389082b25911715f5732fd861a515beed660",
        "sha256_in_prefix": "87c3c0d3a4da1a3626681866586e389082b25911715f5732fd861a515beed660",
        "size_in_bytes": 59912
      },
      {
        "_path": "Library/mingw-w64/share/locale/ga/LC_MESSAGES/gprof.mo",
        "path_type": "hardlink",
        "sha256": "708f7dad314b0e9c5a3144ebf251fecce6ca5f4612829da3e6c79658c649c097",
        "sha256_in_prefix": "708f7dad314b0e9c5a3144ebf251fecce6ca5f4612829da3e6c79658c649c097",
        "size_in_bytes": 10440
      },
      {
        "_path": "Library/mingw-w64/share/locale/ga/LC_MESSAGES/ld.mo",
        "path_type": "hardlink",
        "sha256": "e8952c2727e2176a0a74d332314787cf82ccbea53a1943bacb881c301b1d524b",
        "sha256_in_prefix": "e8952c2727e2176a0a74d332314787cf82ccbea53a1943bacb881c301b1d524b",
        "size_in_bytes": 48922
      },
      {
        "_path": "Library/mingw-w64/share/locale/hr/LC_MESSAGES/binutils.mo",
        "path_type": "hardlink",
        "sha256": "4d34e1481bc9a8c1c266e12bd9d752a670a9733e5abdc83e60199278a9d6c7dd",
        "sha256_in_prefix": "4d34e1481bc9a8c1c266e12bd9d752a670a9733e5abdc83e60199278a9d6c7dd",
        "size_in_bytes": 21549
      },
      {
        "_path": "Library/mingw-w64/share/locale/hu/LC_MESSAGES/gprof.mo",
        "path_type": "hardlink",
        "sha256": "c78f4444cb989d327d35a0f9fec9ae89658a0934443165dd3e9075a914aecbbd",
        "sha256_in_prefix": "c78f4444cb989d327d35a0f9fec9ae89658a0934443165dd3e9075a914aecbbd",
        "size_in_bytes": 10991
      },
      {
        "_path": "Library/mingw-w64/share/locale/id/LC_MESSAGES/binutils.mo",
        "path_type": "hardlink",
        "sha256": "178ae20e7ba372756831a19cfa479be2a7edef7ffb0bcc490293ecd8520854b0",
        "sha256_in_prefix": "178ae20e7ba372756831a19cfa479be2a7edef7ffb0bcc490293ecd8520854b0",
        "size_in_bytes": 153153
      },
      {
        "_path": "Library/mingw-w64/share/locale/id/LC_MESSAGES/gas.mo",
        "path_type": "hardlink",
        "sha256": "ee005c5766213e31ea916b878c81d61a7b2dd5e413d0614bc38302ca6ae164db",
        "sha256_in_prefix": "ee005c5766213e31ea916b878c81d61a7b2dd5e413d0614bc38302ca6ae164db",
        "size_in_bytes": 389863
      },
      {
        "_path": "Library/mingw-w64/share/locale/id/LC_MESSAGES/gold.mo",
        "path_type": "hardlink",
        "sha256": "4ec6d280ccf48272e4114475e2af0a5d39a22cb2e300ac5a4921fa1494fb9854",
        "sha256_in_prefix": "4ec6d280ccf48272e4114475e2af0a5d39a22cb2e300ac5a4921fa1494fb9854",
        "size_in_bytes": 38664
      },
      {
        "_path": "Library/mingw-w64/share/locale/id/LC_MESSAGES/gprof.mo",
        "path_type": "hardlink",
        "sha256": "84513102f03ca9e847c231ce511423148921ed0b417bfd9565922178c8bf12d3",
        "sha256_in_prefix": "84513102f03ca9e847c231ce511423148921ed0b417bfd9565922178c8bf12d3",
        "size_in_bytes": 10448
      },
      {
        "_path": "Library/mingw-w64/share/locale/id/LC_MESSAGES/ld.mo",
        "path_type": "hardlink",
        "sha256": "0aaecd05c997b4b2f39bbe7931bc85975972add0b3b3cff4588c7e2ef765a537",
        "sha256_in_prefix": "0aaecd05c997b4b2f39bbe7931bc85975972add0b3b3cff4588c7e2ef765a537",
        "size_in_bytes": 53562
      },
      {
        "_path": "Library/mingw-w64/share/locale/it/LC_MESSAGES/binutils.mo",
        "path_type": "hardlink",
        "sha256": "c5b889928887849af0d03d5037637c15487f91d010920845a6c80031df7d2593",
        "sha256_in_prefix": "c5b889928887849af0d03d5037637c15487f91d010920845a6c80031df7d2593",
        "size_in_bytes": 192727
      },
      {
        "_path": "Library/mingw-w64/share/locale/it/LC_MESSAGES/gold.mo",
        "path_type": "hardlink",
        "sha256": "4bb92ef7727b3db1fa647c8a6d07f16214d30a0f8856d34357274dd946baa7c5",
        "sha256_in_prefix": "4bb92ef7727b3db1fa647c8a6d07f16214d30a0f8856d34357274dd946baa7c5",
        "size_in_bytes": 50879
      },
      {
        "_path": "Library/mingw-w64/share/locale/it/LC_MESSAGES/gprof.mo",
        "path_type": "hardlink",
        "sha256": "acf746c19c8de8b92038f6d3460c0bab0cad22ed4f22459b94b00c63cc3b53d8",
        "sha256_in_prefix": "acf746c19c8de8b92038f6d3460c0bab0cad22ed4f22459b94b00c63cc3b53d8",
        "size_in_bytes": 10691
      },
      {
        "_path": "Library/mingw-w64/share/locale/it/LC_MESSAGES/ld.mo",
        "path_type": "hardlink",
        "sha256": "8d1412c5e58c176095be90b7507c094561b7713e135e73e8bb51d79d0d7460db",
        "sha256_in_prefix": "8d1412c5e58c176095be90b7507c094561b7713e135e73e8bb51d79d0d7460db",
        "size_in_bytes": 57987
      },
      {
        "_path": "Library/mingw-w64/share/locale/ja/LC_MESSAGES/binutils.mo",
        "path_type": "hardlink",
        "sha256": "5890b38ce7a0dcf129bba365b04018862fd607e2dd954475d2c415b2abd03734",
        "sha256_in_prefix": "5890b38ce7a0dcf129bba365b04018862fd607e2dd954475d2c415b2abd03734",
        "size_in_bytes": 205175
      },
      {
        "_path": "Library/mingw-w64/share/locale/ja/LC_MESSAGES/gas.mo",
        "path_type": "hardlink",
        "sha256": "79b0a2f1d380e8f9a47bbfed80d75888cacfdab70afbf3fd25bcc93217f1abbe",
        "sha256_in_prefix": "79b0a2f1d380e8f9a47bbfed80d75888cacfdab70afbf3fd25bcc93217f1abbe",
        "size_in_bytes": 23726
      },
      {
        "_path": "Library/mingw-w64/share/locale/ja/LC_MESSAGES/gprof.mo",
        "path_type": "hardlink",
        "sha256": "2d8bf8b99fdb85c06eba2b89dc90d4893ec1618d5ccfabe026949f10b06ee7d9",
        "sha256_in_prefix": "2d8bf8b99fdb85c06eba2b89dc90d4893ec1618d5ccfabe026949f10b06ee7d9",
        "size_in_bytes": 3004
      },
      {
        "_path": "Library/mingw-w64/share/locale/ja/LC_MESSAGES/ld.mo",
        "path_type": "hardlink",
        "sha256": "810668b5276ad864f8986a556eb301cc7b6eaffea92b2e457c60419668a7426d",
        "sha256_in_prefix": "810668b5276ad864f8986a556eb301cc7b6eaffea92b2e457c60419668a7426d",
        "size_in_bytes": 64029
      },
      {
        "_path": "Library/mingw-w64/share/locale/ms/LC_MESSAGES/gprof.mo",
        "path_type": "hardlink",
        "sha256": "086d2bbc27f27bb3881d6304b8d0a14274bb7b89dc126bbb07a4dde7c3b74091",
        "sha256_in_prefix": "086d2bbc27f27bb3881d6304b8d0a14274bb7b89dc126bbb07a4dde7c3b74091",
        "size_in_bytes": 10360
      },
      {
        "_path": "Library/mingw-w64/share/locale/nl/LC_MESSAGES/gprof.mo",
        "path_type": "hardlink",
        "sha256": "bafce1e6dc4c004ee6dc05cd99c62fe8ba16c36bed177ab8388f8168e77cc5a8",
        "sha256_in_prefix": "bafce1e6dc4c004ee6dc05cd99c62fe8ba16c36bed177ab8388f8168e77cc5a8",
        "size_in_bytes": 10712
      },
      {
        "_path": "Library/mingw-w64/share/locale/pt_BR/LC_MESSAGES/gprof.mo",
        "path_type": "hardlink",
        "sha256": "0c102a7b72baf1ff11bc0e4365f3f5e2a714baef54a597da33b50dd0cbed7e2b",
        "sha256_in_prefix": "0c102a7b72baf1ff11bc0e4365f3f5e2a714baef54a597da33b50dd0cbed7e2b",
        "size_in_bytes": 9984
      },
      {
        "_path": "Library/mingw-w64/share/locale/ro/LC_MESSAGES/binutils.mo",
        "path_type": "hardlink",
        "sha256": "38128fc5ccbd90b5dad7d9761539ea246b6322a0fcb74f706a373d0397650914",
        "sha256_in_prefix": "38128fc5ccbd90b5dad7d9761539ea246b6322a0fcb74f706a373d0397650914",
        "size_in_bytes": 20265
      },
      {
        "_path": "Library/mingw-w64/share/locale/ro/LC_MESSAGES/gprof.mo",
        "path_type": "hardlink",
        "sha256": "fb802c7ee6e181c9ca7926db682ca3b9d451738bd14c1f5e4fda492b622bba55",
        "sha256_in_prefix": "fb802c7ee6e181c9ca7926db682ca3b9d451738bd14c1f5e4fda492b622bba55",
        "size_in_bytes": 9898
      },
      {
        "_path": "Library/mingw-w64/share/locale/ru/LC_MESSAGES/binutils.mo",
        "path_type": "hardlink",
        "sha256": "54c57c962f8f34e66e350a836dffcd5f669259a31310dc9555726710b6aef0e0",
        "sha256_in_prefix": "54c57c962f8f34e66e350a836dffcd5f669259a31310dc9555726710b6aef0e0",
        "size_in_bytes": 235992
      },
      {
        "_path": "Library/mingw-w64/share/locale/ru/LC_MESSAGES/gas.mo",
        "path_type": "hardlink",
        "sha256": "3233db4f3716984eaf6554b848eee7faca191cfa7dcdda847094d4ccf88a57bf",
        "sha256_in_prefix": "3233db4f3716984eaf6554b848eee7faca191cfa7dcdda847094d4ccf88a57bf",
        "size_in_bytes": 23024
      },
      {
        "_path": "Library/mingw-w64/share/locale/ru/LC_MESSAGES/gprof.mo",
        "path_type": "hardlink",
        "sha256": "1ee75239d57ccd9bc9736e370ade60ab99943fdb01a92186c40e5b8d21ad182a",
        "sha256_in_prefix": "1ee75239d57ccd9bc9736e370ade60ab99943fdb01a92186c40e5b8d21ad182a",
        "size_in_bytes": 12808
      },
      {
        "_path": "Library/mingw-w64/share/locale/rw/LC_MESSAGES/binutils.mo",
        "path_type": "hardlink",
        "sha256": "9b1dbf09c427738c730acaa7a504ca6cea5627371e64b0b8a5d80c637f74fe11",
        "sha256_in_prefix": "9b1dbf09c427738c730acaa7a504ca6cea5627371e64b0b8a5d80c637f74fe11",
        "size_in_bytes": 615
      },
      {
        "_path": "Library/mingw-w64/share/locale/rw/LC_MESSAGES/gas.mo",
        "path_type": "hardlink",
        "sha256": "3415f9856aea0ecc470affea7edd3034683569f7c91b3ac5ee8522b721db0ec0",
        "sha256_in_prefix": "3415f9856aea0ecc470affea7edd3034683569f7c91b3ac5ee8522b721db0ec0",
        "size_in_bytes": 396
      },
      {
        "_path": "Library/mingw-w64/share/locale/rw/LC_MESSAGES/gprof.mo",
        "path_type": "hardlink",
        "sha256": "840e9a780356963ce63e39c3731956f48e1fa78053a451ee48bb73d9e58b94ec",
        "sha256_in_prefix": "840e9a780356963ce63e39c3731956f48e1fa78053a451ee48bb73d9e58b94ec",
        "size_in_bytes": 486
      },
      {
        "_path": "Library/mingw-w64/share/locale/sk/LC_MESSAGES/binutils.mo",
        "path_type": "hardlink",
        "sha256": "5701d0c02d3aa02fd02ea59a1779e2d20e1a84e5436b59fa33e6d2c3179ffab2",
        "sha256_in_prefix": "5701d0c02d3aa02fd02ea59a1779e2d20e1a84e5436b59fa33e6d2c3179ffab2",
        "size_in_bytes": 149635
      },
      {
        "_path": "Library/mingw-w64/share/locale/sr/LC_MESSAGES/binutils.mo",
        "path_type": "hardlink",
        "sha256": "be3a3a66d9c990a3859a35ac7b1fd74d51a3dd15ddf5c425cdf2eaff4cba75b4",
        "sha256_in_prefix": "be3a3a66d9c990a3859a35ac7b1fd74d51a3dd15ddf5c425cdf2eaff4cba75b4",
        "size_in_bytes": 258169
      },
      {
        "_path": "Library/mingw-w64/share/locale/sr/LC_MESSAGES/gprof.mo",
        "path_type": "hardlink",
        "sha256": "a5f301843ed21ca881ed9155a72f6ec4081c371dc9a742ac85f9d54b2c9ef79d",
        "sha256_in_prefix": "a5f301843ed21ca881ed9155a72f6ec4081c371dc9a742ac85f9d54b2c9ef79d",
        "size_in_bytes": 12971
      },
      {
        "_path": "Library/mingw-w64/share/locale/sv/LC_MESSAGES/binutils.mo",
        "path_type": "hardlink",
        "sha256": "d24dbb7e27d4815e363ee1867e5d9caeca0b43baee0c5cf008a09c58c9d131ae",
        "sha256_in_prefix": "d24dbb7e27d4815e363ee1867e5d9caeca0b43baee0c5cf008a09c58c9d131ae",
        "size_in_bytes": 204326
      },
      {
        "_path": "Library/mingw-w64/share/locale/sv/LC_MESSAGES/gprof.mo",
        "path_type": "hardlink",
        "sha256": "d0f39f042adb606d8cc0d20be246288ed8fafb1d793aff5f40b8217ccb397f10",
        "sha256_in_prefix": "d0f39f042adb606d8cc0d20be246288ed8fafb1d793aff5f40b8217ccb397f10",
        "size_in_bytes": 10367
      },
      {
        "_path": "Library/mingw-w64/share/locale/sv/LC_MESSAGES/ld.mo",
        "path_type": "hardlink",
        "sha256": "e440cdb230397b4444c7f57ad1031dd62fb94619899d6f1273640c0e2b72cbdc",
        "sha256_in_prefix": "e440cdb230397b4444c7f57ad1031dd62fb94619899d6f1273640c0e2b72cbdc",
        "size_in_bytes": 43131
      },
      {
        "_path": "Library/mingw-w64/share/locale/tr/LC_MESSAGES/binutils.mo",
        "path_type": "hardlink",
        "sha256": "4c0a7c4e284a0b896686a70dcef1e3fbd66e4c86f6c9feecb0a602e1c7f572ef",
        "sha256_in_prefix": "4c0a7c4e284a0b896686a70dcef1e3fbd66e4c86f6c9feecb0a602e1c7f572ef",
        "size_in_bytes": 129842
      },
      {
        "_path": "Library/mingw-w64/share/locale/tr/LC_MESSAGES/gas.mo",
        "path_type": "hardlink",
        "sha256": "e9d64aa43ef7b372804b4bcf7e9190cad65913720a1f02681b06930f2b120081",
        "sha256_in_prefix": "e9d64aa43ef7b372804b4bcf7e9190cad65913720a1f02681b06930f2b120081",
        "size_in_bytes": 220920
      },
      {
        "_path": "Library/mingw-w64/share/locale/tr/LC_MESSAGES/gprof.mo",
        "path_type": "hardlink",
        "sha256": "03abb5af38fad9f66e821d798c7f693282946daef14184293bc7d24db70d6c4c",
        "sha256_in_prefix": "03abb5af38fad9f66e821d798c7f693282946daef14184293bc7d24db70d6c4c",
        "size_in_bytes": 11331
      },
      {
        "_path": "Library/mingw-w64/share/locale/tr/LC_MESSAGES/ld.mo",
        "path_type": "hardlink",
        "sha256": "30b8285d9d88a972a306f0ef20e4092883c1b3622044508126340ad8763e1881",
        "sha256_in_prefix": "30b8285d9d88a972a306f0ef20e4092883c1b3622044508126340ad8763e1881",
        "size_in_bytes": 41339
      },
      {
        "_path": "Library/mingw-w64/share/locale/uk/LC_MESSAGES/binutils.mo",
        "path_type": "hardlink",
        "sha256": "93ad205ddaf6ba547fe53bd6258823545183a4f3c0c4dac9cf1f18e614a35bca",
        "sha256_in_prefix": "93ad205ddaf6ba547fe53bd6258823545183a4f3c0c4dac9cf1f18e614a35bca",
        "size_in_bytes": 237105
      },
      {
        "_path": "Library/mingw-w64/share/locale/uk/LC_MESSAGES/gas.mo",
        "path_type": "hardlink",
        "sha256": "30b678f299a5faf73fb3b358dc9885085de74bd09385bdfa388130286478ea3b",
        "sha256_in_prefix": "30b678f299a5faf73fb3b358dc9885085de74bd09385bdfa388130286478ea3b",
        "size_in_bytes": 574250
      },
      {
        "_path": "Library/mingw-w64/share/locale/uk/LC_MESSAGES/gprof.mo",
        "path_type": "hardlink",
        "sha256": "c9ad0fea3fc176cf38b8f3354fe299470f200530f865e8d956a72f683adff2bd",
        "sha256_in_prefix": "c9ad0fea3fc176cf38b8f3354fe299470f200530f865e8d956a72f683adff2bd",
        "size_in_bytes": 13049
      },
      {
        "_path": "Library/mingw-w64/share/locale/uk/LC_MESSAGES/ld.mo",
        "path_type": "hardlink",
        "sha256": "af602d68e5f6b3eff1173e53d1a742a97a305fd6c4a41a6be85c0be2efb6cfae",
        "sha256_in_prefix": "af602d68e5f6b3eff1173e53d1a742a97a305fd6c4a41a6be85c0be2efb6cfae",
        "size_in_bytes": 75243
      },
      {
        "_path": "Library/mingw-w64/share/locale/vi/LC_MESSAGES/binutils.mo",
        "path_type": "hardlink",
        "sha256": "ae449d950a4c14d2300f29742d298b88207385dd787731e8d620b5074ddecc9c",
        "sha256_in_prefix": "ae449d950a4c14d2300f29742d298b88207385dd787731e8d620b5074ddecc9c",
        "size_in_bytes": 208072
      },
      {
        "_path": "Library/mingw-w64/share/locale/vi/LC_MESSAGES/gold.mo",
        "path_type": "hardlink",
        "sha256": "3452accc4a8c051be529c15bd31f089114c510493983e99191c3fcbef7809c0b",
        "sha256_in_prefix": "3452accc4a8c051be529c15bd31f089114c510493983e99191c3fcbef7809c0b",
        "size_in_bytes": 55950
      },
      {
        "_path": "Library/mingw-w64/share/locale/vi/LC_MESSAGES/gprof.mo",
        "path_type": "hardlink",
        "sha256": "ce574e7cce80c8cb7379d3261d7bf8e5f6c32eaac46d0655ddaf873a61101ce7",
        "sha256_in_prefix": "ce574e7cce80c8cb7379d3261d7bf8e5f6c32eaac46d0655ddaf873a61101ce7",
        "size_in_bytes": 12463
      },
      {
        "_path": "Library/mingw-w64/share/locale/vi/LC_MESSAGES/ld.mo",
        "path_type": "hardlink",
        "sha256": "2df709e486dabc4d6fd6c6ca69fac67b964c0a820e7b4ee6bc8906a8e5b1e282",
        "sha256_in_prefix": "2df709e486dabc4d6fd6c6ca69fac67b964c0a820e7b4ee6bc8906a8e5b1e282",
        "size_in_bytes": 61550
      },
      {
        "_path": "Library/mingw-w64/share/locale/zh_CN/LC_MESSAGES/binutils.mo",
        "path_type": "hardlink",
        "sha256": "5ee2a574418768946d81cf08b086798cb33459dead0c919498e04e347fd8a6a1",
        "sha256_in_prefix": "5ee2a574418768946d81cf08b086798cb33459dead0c919498e04e347fd8a6a1",
        "size_in_bytes": 75892
      },
      {
        "_path": "Library/mingw-w64/share/locale/zh_CN/LC_MESSAGES/ld.mo",
        "path_type": "hardlink",
        "sha256": "82efdb3688d612a17a9fffd46b41168c0330f8860f1431e5e9d24c87d497c251",
        "sha256_in_prefix": "82efdb3688d612a17a9fffd46b41168c0330f8860f1431e5e9d24c87d497c251",
        "size_in_bytes": 24785
      },
      {
        "_path": "Library/mingw-w64/share/locale/zh_TW/LC_MESSAGES/binutils.mo",
        "path_type": "hardlink",
        "sha256": "88058a657cac230d2eeb9c33f3228d8334147465b3059c67928d72674662e881",
        "sha256_in_prefix": "88058a657cac230d2eeb9c33f3228d8334147465b3059c67928d72674662e881",
        "size_in_bytes": 121475
      },
      {
        "_path": "Library/mingw-w64/share/locale/zh_TW/LC_MESSAGES/ld.mo",
        "path_type": "hardlink",
        "sha256": "c07c759652d48fd3e9f2f38ecd31463851b3a09701dfd78626da95347e855596",
        "sha256_in_prefix": "c07c759652d48fd3e9f2f38ecd31463851b3a09701dfd78626da95347e855596",
        "size_in_bytes": 44839
      },
      {
        "_path": "Library/mingw-w64/share/man/man1/addr2line.1.gz",
        "path_type": "hardlink",
        "sha256": "8d605a7dfd0c1a651be2db772ba38a8837b13c0354844e68f508725033e03239",
        "sha256_in_prefix": "8d605a7dfd0c1a651be2db772ba38a8837b13c0354844e68f508725033e03239",
        "size_in_bytes": 4091
      },
      {
        "_path": "Library/mingw-w64/share/man/man1/ar.1.gz",
        "path_type": "hardlink",
        "sha256": "9c80e0ae4165b3b4bca62ec0e06a0448b76c94d3cc1ed5c4d4b55e911d7bc293",
        "sha256_in_prefix": "9c80e0ae4165b3b4bca62ec0e06a0448b76c94d3cc1ed5c4d4b55e911d7bc293",
        "size_in_bytes": 7103
      },
      {
        "_path": "Library/mingw-w64/share/man/man1/as.1.gz",
        "path_type": "hardlink",
        "sha256": "b2bf8cf79f5a5310ab7a27cee754e7c56c75cb4ee9eef7feee60fbada6864acb",
        "sha256_in_prefix": "b2bf8cf79f5a5310ab7a27cee754e7c56c75cb4ee9eef7feee60fbada6864acb",
        "size_in_bytes": 18544
      },
      {
        "_path": "Library/mingw-w64/share/man/man1/c++filt.1.gz",
        "path_type": "hardlink",
        "sha256": "90c9e0e6bd05f39c7d185fd171a82d117b642e1738746e8d5d0a9c1f562871c1",
        "sha256_in_prefix": "90c9e0e6bd05f39c7d185fd171a82d117b642e1738746e8d5d0a9c1f562871c1",
        "size_in_bytes": 4341
      },
      {
        "_path": "Library/mingw-w64/share/man/man1/dlltool.1.gz",
        "path_type": "hardlink",
        "sha256": "ca680ff25862b7926f8145d23c5676e91a09feda11223cd7f21470053c25fc68",
        "sha256_in_prefix": "ca680ff25862b7926f8145d23c5676e91a09feda11223cd7f21470053c25fc68",
        "size_in_bytes": 6530
      },
      {
        "_path": "Library/mingw-w64/share/man/man1/elfedit.1.gz",
        "path_type": "hardlink",
        "sha256": "5f69029c3c8f722d3288ec32e08b2e8e260b79b52e4db16b544ad637d8bf28f4",
        "sha256_in_prefix": "5f69029c3c8f722d3288ec32e08b2e8e260b79b52e4db16b544ad637d8bf28f4",
        "size_in_bytes": 3218
      },
      {
        "_path": "Library/mingw-w64/share/man/man1/gprof.1.gz",
        "path_type": "hardlink",
        "sha256": "a1a57038eb3a078ef50ecbcdc7273c42d5b85edefb309e7a1768b95b39b42a88",
        "sha256_in_prefix": "a1a57038eb3a078ef50ecbcdc7273c42d5b85edefb309e7a1768b95b39b42a88",
        "size_in_bytes": 8841
      },
      {
        "_path": "Library/mingw-w64/share/man/man1/ld.1.gz",
        "path_type": "hardlink",
        "sha256": "de3533e70b14efb3041f268eda2d9bd73640c4345fc675833b660185f38949e6",
        "sha256_in_prefix": "de3533e70b14efb3041f268eda2d9bd73640c4345fc675833b660185f38949e6",
        "size_in_bytes": 33167
      },
      {
        "_path": "Library/mingw-w64/share/man/man1/nlmconv.1.gz",
        "path_type": "hardlink",
        "sha256": "876df1355367b514e333f33b2699bfc5ee337abbc126b8111ede6e19937fb9e8",
        "sha256_in_prefix": "876df1355367b514e333f33b2699bfc5ee337abbc126b8111ede6e19937fb9e8",
        "size_in_bytes": 3300
      },
      {
        "_path": "Library/mingw-w64/share/man/man1/nm.1.gz",
        "path_type": "hardlink",
        "sha256": "61f155f0adc0885df299ef63dc0304c06dcfe98ad783067db58d20fc00fc2dee",
        "sha256_in_prefix": "61f155f0adc0885df299ef63dc0304c06dcfe98ad783067db58d20fc00fc2dee",
        "size_in_bytes": 6202
      },
      {
        "_path": "Library/mingw-w64/share/man/man1/objcopy.1.gz",
        "path_type": "hardlink",
        "sha256": "490dd50edc54668fedfefc23670f9007eb174f29f1133561c3feaf8e483aec41",
        "sha256_in_prefix": "490dd50edc54668fedfefc23670f9007eb174f29f1133561c3feaf8e483aec41",
        "size_in_bytes": 12303
      },
      {
        "_path": "Library/mingw-w64/share/man/man1/objdump.1.gz",
        "path_type": "hardlink",
        "sha256": "17bb545497dad82aa5517fc38402a5d987bcdb9fff8e4947d5dfd6508cc40e7b",
        "sha256_in_prefix": "17bb545497dad82aa5517fc38402a5d987bcdb9fff8e4947d5dfd6508cc40e7b",
        "size_in_bytes": 10185
      },
      {
        "_path": "Library/mingw-w64/share/man/man1/ranlib.1.gz",
        "path_type": "hardlink",
        "sha256": "32f680f2b357c13d6f4c4b35a810bbce82cf7170dfedfa9c2cce1501a08bb609",
        "sha256_in_prefix": "32f680f2b357c13d6f4c4b35a810bbce82cf7170dfedfa9c2cce1501a08bb609",
        "size_in_bytes": 3101
      },
      {
        "_path": "Library/mingw-w64/share/man/man1/readelf.1.gz",
        "path_type": "hardlink",
        "sha256": "645ba219e3e96e2d6df1feb997821472777d81c4b37d3f83f771bde03840d531",
        "sha256_in_prefix": "645ba219e3e96e2d6df1feb997821472777d81c4b37d3f83f771bde03840d531",
        "size_in_bytes": 4893
      },
      {
        "_path": "Library/mingw-w64/share/man/man1/size.1.gz",
        "path_type": "hardlink",
        "sha256": "e485dce8de9553a80892b9c9d8d59d6262b1ca97f58bc6bb32be0f24fd14561f",
        "sha256_in_prefix": "e485dce8de9553a80892b9c9d8d59d6262b1ca97f58bc6bb32be0f24fd14561f",
        "size_in_bytes": 3596
      },
      {
        "_path": "Library/mingw-w64/share/man/man1/strings.1.gz",
        "path_type": "hardlink",
        "sha256": "02c244183bb53fe19a392ee679fa8fa37609666339805fa7dbc795b883030a67",
        "sha256_in_prefix": "02c244183bb53fe19a392ee679fa8fa37609666339805fa7dbc795b883030a67",
        "size_in_bytes": 4122
      },
      {
        "_path": "Library/mingw-w64/share/man/man1/strip.1.gz",
        "path_type": "hardlink",
        "sha256": "ddfe9456cac531771aa1d456d587878fd43f96855083446b285f8c3ef40bdd38",
        "sha256_in_prefix": "ddfe9456cac531771aa1d456d587878fd43f96855083446b285f8c3ef40bdd38",
        "size_in_bytes": 5205
      },
      {
        "_path": "Library/mingw-w64/share/man/man1/windmc.1.gz",
        "path_type": "hardlink",
        "sha256": "ea507a63a7aa5ea7b3adcd381f8e53a81b5235e4046c9355e14a06d0ec72e4ad",
        "sha256_in_prefix": "ea507a63a7aa5ea7b3adcd381f8e53a81b5235e4046c9355e14a06d0ec72e4ad",
        "size_in_bytes": 3904
      },
      {
        "_path": "Library/mingw-w64/share/man/man1/windres.1.gz",
        "path_type": "hardlink",
        "sha256": "f63cf38dff2d4be8425203ed1c5983264e0da0ba92476a97f26140b2b6c25b13",
        "sha256_in_prefix": "f63cf38dff2d4be8425203ed1c5983264e0da0ba92476a97f26140b2b6c25b13",
        "size_in_bytes": 4668
      },
      {
        "_path": "Library/mingw-w64/x86_64-w64-mingw32/bin/ar.exe",
        "path_type": "hardlink",
        "sha256": "9f1411f544aff72ed6c11b957d653448ceb3407d6ec5e6cf6ddc820e5b4b74ca",
        "sha256_in_prefix": "9f1411f544aff72ed6c11b957d653448ceb3407d6ec5e6cf6ddc820e5b4b74ca",
        "size_in_bytes": 2118511
      },
      {
        "_path": "Library/mingw-w64/x86_64-w64-mingw32/bin/as.exe",
        "path_type": "hardlink",
        "sha256": "7652173dfbe07c47b83713162e0d34f3e81ce4c2ae39a09419a6f8f09a3a4be9",
        "sha256_in_prefix": "7652173dfbe07c47b83713162e0d34f3e81ce4c2ae39a09419a6f8f09a3a4be9",
        "size_in_bytes": 2873342
      },
      {
        "_path": "Library/mingw-w64/x86_64-w64-mingw32/bin/dlltool.exe",
        "path_type": "hardlink",
        "sha256": "bb22d5b8a7abf1965c5bed427075ce099f1df5161b9829f414a22bc739ddafa6",
        "sha256_in_prefix": "bb22d5b8a7abf1965c5bed427075ce099f1df5161b9829f414a22bc739ddafa6",
        "size_in_bytes": 2150581
      },
      {
        "_path": "Library/mingw-w64/x86_64-w64-mingw32/bin/ld.bfd.exe",
        "path_type": "hardlink",
        "sha256": "65403b56421ed470dafb59617cbaacf095b6ad42bba90a301810029667e29095",
        "sha256_in_prefix": "65403b56421ed470dafb59617cbaacf095b6ad42bba90a301810029667e29095",
        "size_in_bytes": 2510316
      },
      {
        "_path": "Library/mingw-w64/x86_64-w64-mingw32/bin/ld.exe",
        "path_type": "hardlink",
        "sha256": "65403b56421ed470dafb59617cbaacf095b6ad42bba90a301810029667e29095",
        "sha256_in_prefix": "65403b56421ed470dafb59617cbaacf095b6ad42bba90a301810029667e29095",
        "size_in_bytes": 2510316
      },
      {
        "_path": "Library/mingw-w64/x86_64-w64-mingw32/bin/ld.gold.exe",
        "path_type": "hardlink",
        "sha256": "edf6d5a699b6ac94db88694c136a1ee2ef9b952b4c122e881aaf43d923e95a71",
        "sha256_in_prefix": "edf6d5a699b6ac94db88694c136a1ee2ef9b952b4c122e881aaf43d923e95a71",
        "size_in_bytes": 5831912
      },
      {
        "_path": "Library/mingw-w64/x86_64-w64-mingw32/bin/nm.exe",
        "path_type": "hardlink",
        "sha256": "528bf415da0d4d0fbffba2a22465da4a514d316b149a3ad69985255a81a4fe5e",
        "sha256_in_prefix": "528bf415da0d4d0fbffba2a22465da4a514d316b149a3ad69985255a81a4fe5e",
        "size_in_bytes": 2102512
      },
      {
        "_path": "Library/mingw-w64/x86_64-w64-mingw32/bin/objcopy.exe",
        "path_type": "hardlink",
        "sha256": "fe3641ecba7289911fc880fc656762a85f96c68b24ec1fc609eea9573a41a080",
        "sha256_in_prefix": "fe3641ecba7289911fc880fc656762a85f96c68b24ec1fc609eea9573a41a080",
        "size_in_bytes": 2262378
      },
      {
        "_path": "Library/mingw-w64/x86_64-w64-mingw32/bin/objdump.exe",
        "path_type": "hardlink",
        "sha256": "53d0e87471752bee80ba3ed0e0aeebba2cc9566da3159293e4347a8cab1aa015",
        "sha256_in_prefix": "53d0e87471752bee80ba3ed0e0aeebba2cc9566da3159293e4347a8cab1aa015",
        "size_in_bytes": 3204456
      },
      {
        "_path": "Library/mingw-w64/x86_64-w64-mingw32/bin/ranlib.exe",
        "path_type": "hardlink",
        "sha256": "9ea62321b6a8157cd3b01ecc41d9ee0d19642791acf85d7e5bbcf19ed1995bad",
        "sha256_in_prefix": "9ea62321b6a8157cd3b01ecc41d9ee0d19642791acf85d7e5bbcf19ed1995bad",
        "size_in_bytes": 2118511
      },
      {
        "_path": "Library/mingw-w64/x86_64-w64-mingw32/bin/strip.exe",
        "path_type": "hardlink",
        "sha256": "3c1c5e88635294197e3bf68ca69313f3ebc3a33accf6e4d46e3207d59a308b28",
        "sha256_in_prefix": "3c1c5e88635294197e3bf68ca69313f3ebc3a33accf6e4d46e3207d59a308b28",
        "size_in_bytes": 2262378
      },
      {
        "_path": "Library/mingw-w64/x86_64-w64-mingw32/include/ansidecl.h",
        "path_type": "hardlink",
        "sha256": "6fa7b566687fd30c9cf4c33d4e2de87f42d49af661d9c47cec02c87adc57eec5",
        "sha256_in_prefix": "6fa7b566687fd30c9cf4c33d4e2de87f42d49af661d9c47cec02c87adc57eec5",
        "size_in_bytes": 10558
      },
      {
        "_path": "Library/mingw-w64/x86_64-w64-mingw32/lib/ldscripts/i386pe.x",
        "path_type": "hardlink",
        "sha256": "e311f76a3ab878768e4716db50f9c3b22c832c621512168d81b877ec94dd65d2",
        "sha256_in_prefix": "e311f76a3ab878768e4716db50f9c3b22c832c621512168d81b877ec94dd65d2",
        "size_in_bytes": 7811
      },
      {
        "_path": "Library/mingw-w64/x86_64-w64-mingw32/lib/ldscripts/i386pe.xa",
        "path_type": "hardlink",
        "sha256": "544f148dc6337cbc5b6d2cd0525772b9227e00fa5b8c90d374ce3f19185e1081",
        "sha256_in_prefix": "544f148dc6337cbc5b6d2cd0525772b9227e00fa5b8c90d374ce3f19185e1081",
        "size_in_bytes": 7869
      },
      {
        "_path": "Library/mingw-w64/x86_64-w64-mingw32/lib/ldscripts/i386pe.xbn",
        "path_type": "hardlink",
        "sha256": "e8e75910cac517d31af9ec5a1df32d70430b2145eea26d7fcff93d2711a2c827",
        "sha256_in_prefix": "e8e75910cac517d31af9ec5a1df32d70430b2145eea26d7fcff93d2711a2c827",
        "size_in_bytes": 7829
      },
      {
        "_path": "Library/mingw-w64/x86_64-w64-mingw32/lib/ldscripts/i386pe.xn",
        "path_type": "hardlink",
        "sha256": "0dc6ac7b41c1ea5cf521cb9123596d964706514466ae484c6da30c792c8bc4f3",
        "sha256_in_prefix": "0dc6ac7b41c1ea5cf521cb9123596d964706514466ae484c6da30c792c8bc4f3",
        "size_in_bytes": 7811
      },
      {
        "_path": "Library/mingw-w64/x86_64-w64-mingw32/lib/ldscripts/i386pe.xr",
        "path_type": "hardlink",
        "sha256": "067a6fc76466bf3e2ba943d59708209d6f9aaa5dcfe38903e653c4d7487c0aa3",
        "sha256_in_prefix": "067a6fc76466bf3e2ba943d59708209d6f9aaa5dcfe38903e653c4d7487c0aa3",
        "size_in_bytes": 3939
      },
      {
        "_path": "Library/mingw-w64/x86_64-w64-mingw32/lib/ldscripts/i386pe.xu",
        "path_type": "hardlink",
        "sha256": "169fd9754d744092e1e3012597b7c15876d7dc4089681c9b412ea600709f52ff",
        "sha256_in_prefix": "169fd9754d744092e1e3012597b7c15876d7dc4089681c9b412ea600709f52ff",
        "size_in_bytes": 4181
      },
      {
        "_path": "Library/mingw-w64/x86_64-w64-mingw32/lib/ldscripts/i386pep.x",
        "path_type": "hardlink",
        "sha256": "541e0ab4235c05ff8ce17f4d901ddf2212068dbce80958a7d69e7f71fdaeba95",
        "sha256_in_prefix": "541e0ab4235c05ff8ce17f4d901ddf2212068dbce80958a7d69e7f71fdaeba95",
        "size_in_bytes": 8032
      },
      {
        "_path": "Library/mingw-w64/x86_64-w64-mingw32/lib/ldscripts/i386pep.xa",
        "path_type": "hardlink",
        "sha256": "9f12429e13b921ddcbd77e28407c0b5c43426ababfc3540524e3779063cc5c0b",
        "sha256_in_prefix": "9f12429e13b921ddcbd77e28407c0b5c43426ababfc3540524e3779063cc5c0b",
        "size_in_bytes": 8090
      },
      {
        "_path": "Library/mingw-w64/x86_64-w64-mingw32/lib/ldscripts/i386pep.xbn",
        "path_type": "hardlink",
        "sha256": "e7c26ac18a23d9c0bd95f64d87e631f7a0b09c6225ddea5c6734750ee7aa53d5",
        "sha256_in_prefix": "e7c26ac18a23d9c0bd95f64d87e631f7a0b09c6225ddea5c6734750ee7aa53d5",
        "size_in_bytes": 8050
      },
      {
        "_path": "Library/mingw-w64/x86_64-w64-mingw32/lib/ldscripts/i386pep.xn",
        "path_type": "hardlink",
        "sha256": "539d6eceb1b4abbacc35790a66811f57074d7d620bf86cb845243812607b6d9e",
        "sha256_in_prefix": "539d6eceb1b4abbacc35790a66811f57074d7d620bf86cb845243812607b6d9e",
        "size_in_bytes": 8032
      },
      {
        "_path": "Library/mingw-w64/x86_64-w64-mingw32/lib/ldscripts/i386pep.xr",
        "path_type": "hardlink",
        "sha256": "c645c10cdff66aa2afea77256960d1d8eb2df5ffe10625541632f48fd76488de",
        "sha256_in_prefix": "c645c10cdff66aa2afea77256960d1d8eb2df5ffe10625541632f48fd76488de",
        "size_in_bytes": 4091
      },
      {
        "_path": "Library/mingw-w64/x86_64-w64-mingw32/lib/ldscripts/i386pep.xu",
        "path_type": "hardlink",
        "sha256": "e854f5c35ee37ee9fd4362895524632d0f1ad83c5c35b2fc7508f5c62c546f74",
        "sha256_in_prefix": "e854f5c35ee37ee9fd4362895524632d0f1ad83c5c35b2fc7508f5c62c546f74",
        "size_in_bytes": 4393
      }
    ],
    "paths_version": 1
  },
  "requested_spec": "None",
  "sha256": "273bad08e35513f18aa9ecb13330ac7b4e75cb80f8079b1005c19769183513f1",
  "size": 46473461,
  "subdir": "win-64",
  "track_features": "",
  "url": "https://repo.anaconda.com/pkgs/msys2/win-64/m2w64-binutils-2.25.1-5.tar.bz2",
  "version": "2.25.1"
}