{
  "build": "3",
  "build_number": 3,
  "channel": "https://repo.anaconda.com/pkgs/msys2/win-64",
  "constrains": [],
  "depends": [
    "msys2-conda-epoch >=20160418"
  ],
  "extracted_package_dir": "C:\\Users\\abenav.sankar\\Anaconda3\\pkgs\\m2w64-windows-default-manifest-6.4-3",
  "features": "",
  "files": [
    "Library/mingw-w64/x86_64-w64-mingw32/lib/default-manifest.o",
    ".nonadmin"
  ],
  "fn": "m2w64-windows-default-manifest-6.4-3.tar.bz2",
  "license": "BSD",
  "link": {
    "source": "C:\\Users\\abenav.sankar\\Anaconda3\\pkgs\\m2w64-windows-default-manifest-6.4-3",
    "type": 1
  },
  "md5": "d11e6e16dc4ae0bce50499a1c174033d",
  "name": "m2w64-windows-default-manifest",
  "package_tarball_full_path": "C:\\Users\\abenav.sankar\\Anaconda3\\pkgs\\m2w64-windows-default-manifest-6.4-3.tar.bz2",
  "paths_data": {
    "paths": [
      {
        "_path": "Library/mingw-w64/x86_64-w64-mingw32/lib/default-manifest.o",
        "path_type": "hardlink",
        "sha256": "d2a37dc06a868339fb0e6dcddebfae1656bd7e9e62ea1c70df4458e195ef7783",
        "sha256_in_prefix": "d2a37dc06a868339fb0e6dcddebfae1656bd7e9e62ea1c70df4458e195ef7783",
        "size_in_bytes": 1348
      }
    ],
    "paths_version": 1
  },
  "requested_spec": "None",
  "sha256": "e7ec8a5ca865749c877cdca7bcc6b1a4f566a430451b459ac5ed2f9cfff9c087",
  "size": 3477,
  "subdir": "win-64",
  "track_features": "",
  "url": "https://repo.anaconda.com/pkgs/msys2/win-64/m2w64-windows-default-manifest-6.4-3.tar.bz2",
  "version": "6.4"
}