{
  "build": "7",
  "build_number": 7,
  "channel": "https://repo.anaconda.com/pkgs/msys2/win-64",
  "constrains": [],
  "depends": [
    "m2w64-binutils",
    "m2w64-crt-git",
    "m2w64-gcc",
    "m2w64-gcc-ada",
    "m2w64-gcc-fortran",
    "m2w64-gcc-libgfortran",
    "m2w64-gcc-libs",
    "m2w64-gcc-objc",
    "m2w64-headers-git",
    "m2w64-libmangle-git",
    "m2w64-libwinpthread-git",
    "m2w64-make",
    "m2w64-pkg-config",
    "m2w64-tools-git",
    "m2w64-winpthreads-git",
    "msys2-conda-epoch >=20160418"
  ],
  "extracted_package_dir": "C:\\Users\\abenav.sankar\\Anaconda3\\pkgs\\m2w64-toolchain-5.3.0-7",
  "features": "",
  "files": [
    ".nonadmin"
  ],
  "fn": "m2w64-toolchain-5.3.0-7.tar.bz2",
  "link": {
    "source": "C:\\Users\\abenav.sankar\\Anaconda3\\pkgs\\m2w64-toolchain-5.3.0-7",
    "type": 1
  },
  "md5": "3d3391517581aedb84bd2e3a34698fc8",
  "name": "m2w64-toolchain",
  "package_tarball_full_path": "C:\\Users\\abenav.sankar\\Anaconda3\\pkgs\\m2w64-toolchain-5.3.0-7.tar.bz2",
  "paths_data": {
    "paths": [],
    "paths_version": 1
  },
  "requested_spec": "None",
  "sha256": "e855619686b700625c26df3a7be138859d8e8bea8f3191c44ee3dddd6a3b7088",
  "size": 2290,
  "subdir": "win-64",
  "track_features": "",
  "url": "https://repo.anaconda.com/pkgs/msys2/win-64/m2w64-toolchain-5.3.0-7.tar.bz2",
  "version": "5.3.0"
}