{
  "build": "3",
  "build_number": 3,
  "channel": "https://repo.anaconda.com/pkgs/msys2/win-64",
  "constrains": [],
  "depends": [
    "m2w64-mpfr",
    "msys2-conda-epoch >=20160418"
  ],
  "extracted_package_dir": "C:\\Users\\abenav.sankar\\Anaconda3\\pkgs\\m2w64-mpc-1.0.3-3",
  "features": "",
  "files": [
    "Library/mingw-w64/include/mpc.h",
    "Library/mingw-w64/lib/libmpc.a",
    "Library/mingw-w64/share/info/mpc.info.gz",
    ".nonadmin"
  ],
  "fn": "m2w64-mpc-1.0.3-3.tar.bz2",
  "license": "LGPL",
  "link": {
    "source": "C:\\Users\\abenav.sankar\\Anaconda3\\pkgs\\m2w64-mpc-1.0.3-3",
    "type": 1
  },
  "md5": "1d11536216fcfca984c8b6ec5af78b95",
  "name": "m2w64-mpc",
  "package_tarball_full_path": "C:\\Users\\abenav.sankar\\Anaconda3\\pkgs\\m2w64-mpc-1.0.3-3.tar.bz2",
  "paths_data": {
    "paths": [
      {
        "_path": "Library/mingw-w64/include/mpc.h",
        "path_type": "hardlink",
        "sha256": "9b2b5543b51e73c7d8462cae1751908e67b724d6e053d5161f0441f5cc23ecd6",
        "sha256_in_prefix": "9b2b5543b51e73c7d8462cae1751908e67b724d6e053d5161f0441f5cc23ecd6",
        "size_in_bytes": 12733
      },
      {
        "_path": "Library/mingw-w64/lib/libmpc.a",
        "path_type": "hardlink",
        "sha256": "0857062d9d53bc412ad67d824f3a729259963e329e7f17dca4324471540edf64",
        "sha256_in_prefix": "0857062d9d53bc412ad67d824f3a729259963e329e7f17dca4324471540edf64",
        "size_in_bytes": 165202
      },
      {
        "_path": "Library/mingw-w64/share/info/mpc.info.gz",
        "path_type": "hardlink",
        "sha256": "65e1cfe6ad31fb3c0ef4e7cef4df220dc63e8c0dfcae0cb31ccb56dd771e22ff",
        "sha256_in_prefix": "65e1cfe6ad31fb3c0ef4e7cef4df220dc63e8c0dfcae0cb31ccb56dd771e22ff",
        "size_in_bytes": 22981
      }
    ],
    "paths_version": 1
  },
  "requested_spec": "None",
  "sha256": "4f2e16ac77d90924cd44e0c03cbfdfc91a81e5312993f269ef020ca76e2d424f",
  "size": 71711,
  "subdir": "win-64",
  "track_features": "",
  "url": "https://repo.anaconda.com/pkgs/msys2/win-64/m2w64-mpc-1.0.3-3.tar.bz2",
  "version": "1.0.3"
}