{
  "build": "7",
  "build_number": 7,
  "channel": "https://repo.anaconda.com/pkgs/msys2/win-64",
  "constrains": [],
  "depends": [
    "m2w64-gcc-libgfortran",
    "m2w64-gcc-libs-core",
    "m2w64-gmp",
    "m2w64-libwinpthread-git",
    "msys2-conda-epoch >=20160418"
  ],
  "extracted_package_dir": "C:\\Users\\abenav.sankar\\Anaconda3\\pkgs\\m2w64-gcc-libs-5.3.0-7",
  "features": "",
  "files": [
    "Library/mingw-w64/bin/libatomic-1.dll",
    "Library/mingw-w64/bin/libgomp-1.dll",
    "Library/mingw-w64/bin/libgomp-plugin-host_nonshm-1.dll",
    "Library/mingw-w64/bin/libssp-0.dll",
    "Library/mingw-w64/bin/libstdc++-6.dll",
    "Library/mingw-w64/bin/libvtv-0.dll",
    "Library/mingw-w64/bin/libvtv_stubs-0.dll",
    "Library/mingw-w64/share/licenses/gcc-libs/COPYING.LIB",
    "Library/mingw-w64/share/licenses/gcc-libs/COPYING.RUNTIME",
    "Library/mingw-w64/share/licenses/gcc-libs/COPYING3",
    "Library/mingw-w64/share/licenses/gcc-libs/README",
    ".nonadmin"
  ],
  "fn": "m2w64-gcc-libs-5.3.0-7.tar.bz2",
  "license": "GPL3+, partial:GCCRLE, partial:LGPL2+",
  "link": {
    "source": "C:\\Users\\abenav.sankar\\Anaconda3\\pkgs\\m2w64-gcc-libs-5.3.0-7",
    "type": 1
  },
  "md5": "0b9caac6747002340b057a222af705b2",
  "name": "m2w64-gcc-libs",
  "package_tarball_full_path": "C:\\Users\\abenav.sankar\\Anaconda3\\pkgs\\m2w64-gcc-libs-5.3.0-7.tar.bz2",
  "paths_data": {
    "paths": [
      {
        "_path": "Library/mingw-w64/bin/libatomic-1.dll",
        "path_type": "hardlink",
        "sha256": "81d11ed7c666663a19a36b18a8968bf15fa17c68caf5bf5df45e87337ebd34eb",
        "sha256_in_prefix": "81d11ed7c666663a19a36b18a8968bf15fa17c68caf5bf5df45e87337ebd34eb",
        "size_in_bytes": 38880
      },
      {
        "_path": "Library/mingw-w64/bin/libgomp-1.dll",
        "path_type": "hardlink",
        "sha256": "c13ae747c4b24feb3b8c189a2946d3764b1d473a31145275be55c29f47693027",
        "sha256_in_prefix": "c13ae747c4b24feb3b8c189a2946d3764b1d473a31145275be55c29f47693027",
        "size_in_bytes": 115476
      },
      {
        "_path": "Library/mingw-w64/bin/libgomp-plugin-host_nonshm-1.dll",
        "path_type": "hardlink",
        "sha256": "2d96e31091e244d314e7d4918613041fae97bc38a2493d50e3337cef5ba85e1c",
        "sha256_in_prefix": "2d96e31091e244d314e7d4918613041fae97bc38a2493d50e3337cef5ba85e1c",
        "size_in_bytes": 19948
      },
      {
        "_path": "Library/mingw-w64/bin/libssp-0.dll",
        "path_type": "hardlink",
        "sha256": "4d5587465fbaa6c08968ee17f32c4daa724ef5fc34976804ff2660725d3fb2e0",
        "sha256_in_prefix": "4d5587465fbaa6c08968ee17f32c4daa724ef5fc34976804ff2660725d3fb2e0",
        "size_in_bytes": 21756
      },
      {
        "_path": "Library/mingw-w64/bin/libstdc++-6.dll",
        "path_type": "hardlink",
        "sha256": "30c80bd79259e407645577d845cdc74b5ec332c4044a2f35c915a399217031ca",
        "sha256_in_prefix": "30c80bd79259e407645577d845cdc74b5ec332c4044a2f35c915a399217031ca",
        "size_in_bytes": 1428650
      },
      {
        "_path": "Library/mingw-w64/bin/libvtv-0.dll",
        "path_type": "hardlink",
        "sha256": "367c54cdb8144a4e165095c6088d77c4f1a0861cc2e389df54686956ed00e2a8",
        "sha256_in_prefix": "367c54cdb8144a4e165095c6088d77c4f1a0861cc2e389df54686956ed00e2a8",
        "size_in_bytes": 18193
      },
      {
        "_path": "Library/mingw-w64/bin/libvtv_stubs-0.dll",
        "path_type": "hardlink",
        "sha256": "7f7c040bb65bf59e1c2c251c0964d4d56814ee58ee09e7ed021f54ef33f5e5d5",
        "sha256_in_prefix": "7f7c040bb65bf59e1c2c251c0964d4d56814ee58ee09e7ed021f54ef33f5e5d5",
        "size_in_bytes": 18193
      },
      {
        "_path": "Library/mingw-w64/share/licenses/gcc-libs/COPYING.LIB",
        "path_type": "hardlink",
        "sha256": "a9bdde5616ecdd1e980b44f360600ee8783b1f99b8cc83a2beb163a0a390e861",
        "sha256_in_prefix": "a9bdde5616ecdd1e980b44f360600ee8783b1f99b8cc83a2beb163a0a390e861",
        "size_in_bytes": 26527
      },
      {
        "_path": "Library/mingw-w64/share/licenses/gcc-libs/COPYING.RUNTIME",
        "path_type": "hardlink",
        "sha256": "9d6b43ce4d8de0c878bf16b54d8e7a10d9bd42b75178153e3af6a815bdc90f74",
        "sha256_in_prefix": "9d6b43ce4d8de0c878bf16b54d8e7a10d9bd42b75178153e3af6a815bdc90f74",
        "size_in_bytes": 3324
      },
      {
        "_path": "Library/mingw-w64/share/licenses/gcc-libs/COPYING3",
        "path_type": "hardlink",
        "sha256": "8ceb4b9ee5adedde47b31e975c1d90c73ad27b6b165a1dcd80c7c545eb65b903",
        "sha256_in_prefix": "8ceb4b9ee5adedde47b31e975c1d90c73ad27b6b165a1dcd80c7c545eb65b903",
        "size_in_bytes": 35147
      },
      {
        "_path": "Library/mingw-w64/share/licenses/gcc-libs/README",
        "path_type": "hardlink",
        "sha256": "2bd5d7a51c0cf75fb7a20fd15b3afef8874ebc32535bb8e2ddb1cf400fe26407",
        "sha256_in_prefix": "2bd5d7a51c0cf75fb7a20fd15b3afef8874ebc32535bb8e2ddb1cf400fe26407",
        "size_in_bytes": 227
      }
    ],
    "paths_version": 1
  },
  "requested_spec": "None",
  "sha256": "2fb6488298a659c781f9294a743b0b376d9998a6b06aa2a3b85b49c38a85ea16",
  "size": 530578,
  "subdir": "win-64",
  "track_features": "",
  "url": "https://repo.anaconda.com/pkgs/msys2/win-64/m2w64-gcc-libs-5.3.0-7.tar.bz2",
  "version": "5.3.0"
}