{
  "build": "4",
  "build_number": 4,
  "channel": "https://repo.anaconda.com/pkgs/main/win-64",
  "constrains": [],
  "depends": [],
  "extracted_package_dir": "C:\\Users\\abenav.sankar\\Anaconda3\\pkgs\\winpty-0.4.3-4",
  "features": "",
  "files": [
    "Library/bin/winpty-agent.exe",
    "Library/bin/winpty.dll",
    "Library/include/winpty.h",
    "Library/include/winpty_constants.h",
    "Library/lib/winpty.lib",
    ".nonadmin"
  ],
  "fn": "winpty-0.4.3-4.conda",
  "legacy_bz2_md5": "c5bdb727945bad906d23e44199144746",
  "license": "MIT",
  "link": {
    "source": "C:\\Users\\abenav.sankar\\Anaconda3\\pkgs\\winpty-0.4.3-4",
    "type": 1
  },
  "md5": "5827d9fb8df41153ddc2a2915934c966",
  "name": "winpty",
  "package_tarball_full_path": "C:\\Users\\abenav.sankar\\Anaconda3\\pkgs\\winpty-0.4.3-4.conda",
  "paths_data": {
    "paths": [
      {
        "_path": "Library/bin/winpty-agent.exe",
        "path_type": "hardlink",
        "sha256": "d7956edec2b64f2e8b0136a55ec1c1af60edd4faef5ae865560c75fb7fec25ff",
        "sha256_in_prefix": "d7956edec2b64f2e8b0136a55ec1c1af60edd4faef5ae865560c75fb7fec25ff",
        "size_in_bytes": 2627338
      },
      {
        "_path": "Library/bin/winpty.dll",
        "path_type": "hardlink",
        "sha256": "fc705c1e6d0a9f5a2cc1a4a04bb7c4f518ad33a4574c64b28633bf88f08bd54e",
        "sha256_in_prefix": "fc705c1e6d0a9f5a2cc1a4a04bb7c4f518ad33a4574c64b28633bf88f08bd54e",
        "size_in_bytes": 2509089
      },
      {
        "_path": "Library/include/winpty.h",
        "path_type": "hardlink",
        "sha256": "35ac2bd9561f26b8cc9324aa9f1be500ff4a7b13c2b66cf65c3499f559d7b4e7",
        "sha256_in_prefix": "35ac2bd9561f26b8cc9324aa9f1be500ff4a7b13c2b66cf65c3499f559d7b4e7",
        "size_in_bytes": 9189
      },
      {
        "_path": "Library/include/winpty_constants.h",
        "path_type": "hardlink",
        "sha256": "2720b82db1487ed9276b760c322207b7f1e9d1c4b62994f9f8431ee7c3d8424a",
        "sha256_in_prefix": "2720b82db1487ed9276b760c322207b7f1e9d1c4b62994f9f8431ee7c3d8424a",
        "size_in_bytes": 5697
      },
      {
        "_path": "Library/lib/winpty.lib",
        "path_type": "hardlink",
        "sha256": "1f16b5174fc90121b4d275ad30522b778e26f89f078dbaf7197cce659b1eed38",
        "sha256_in_prefix": "1f16b5174fc90121b4d275ad30522b778e26f89f078dbaf7197cce659b1eed38",
        "size_in_bytes": 12294
      }
    ],
    "paths_version": 1
  },
  "requested_spec": "None",
  "sha256": "f0e4ebdefd9e2b724a57514f45964dd964e0105c040800997a0d198acc53e14f",
  "size": 694535,
  "subdir": "win-64",
  "timestamp": 1517593466234,
  "track_features": "",
  "url": "https://repo.anaconda.com/pkgs/main/win-64/winpty-0.4.3-4.conda",
  "version": "0.4.3"
}